"odhf_facility_type","hospital_id","survey_month","survey_year","month_0","month_1","month_2","month_3","month_4","month_5","month_6","month_7","month_8","month_9","month_10","month_11","month_12","month_13","month_14","month_15","month_16","month_17","month_18","month_19","month_20","month_21","month_22","month_23","month_24","geometry"
"Hospitals",2,11,2021,0,0,0,0,0,0,0,0,0,0,0,0,0,0,0,0,0,0,0,0,0,0,0,0,0,c(-12706944.6571737, 6634497.0335381)
"Hospitals",3,2,2021,0,0,0,0,0,0,0,0,0,0,0,0,0,0,0,0,0,0,0,0,0,0,0,0,0,c(-12660453.0737193, 7048281.12080169)
"Hospitals",13,2,2020,0,0,0,0,0,0,0,0,0,0,0,0,0,0,0,0,0,0,0,0,0,0,0,0,0,c(-12704189.2771376, 6739203.15191593)
"Hospitals",14,2,2021,0,0,0,0,0,0,0,0,0,0,0,0,0,0,0,0,0,0,0,0,0,0,0,0,0,c(-14320944.9370655, 7179723.06798571)
"Hospitals",19,9,2019,0,0,0,0,0,0,0,0,0,0,0,0,0,0,0,1,0,0,0,0,0,0,0,0,0,c(-13102465.3683105, 6292403.20322589)
"Hospitals",22,8,2020,0,0,0,0,0,0,0,0,0,0,0,0,0,0,0,0,0,0,0,0,0,0,0,0,0,c(-13056086.0950903, 6359278.02075425)
"Hospitals",29,7,2021,0,0,0,0,0,0,0,0,0,0,0,0,0,0,0,0,0,0,0,0,0,0,0,0,0,c(-13748914.3047428, 6251384.16061534)
"Hospitals",31,8,2021,0,0,0,0,0,0,0,0,0,0,0,0,0,0,0,0,0,0,0,0,0,0,0,0,0,c(-13784429.2075436, 6274138.84654339)
"Hospitals",34,6,2020,0,0,0,0,0,0,0,0,0,0,0,0,0,0,0,0,0,0,0,0,0,0,0,0,0,c(-13999679.6807553, 7214908.09028476)
"Hospitals",44,3,2019,0,0,0,0,0,0,0,0,0,1,0,0,0,0,0,0,0,0,0,0,0,0,0,0,0,c(-13649114.1993846, 6291047.29061212)
"Hospitals",54,11,2021,0,0,0,0,0,0,0,0,0,0,0,0,0,0,0,0,0,0,0,0,0,0,0,0,0,c(-13574164.0775396, 6566642.88443695)
"Hospitals",56,12,2020,0,0,0,0,0,0,0,0,0,0,0,0,0,0,0,0,0,0,0,0,0,0,0,0,0,c(-13699908.2922901, 6329652.53280733)
"Hospitals",57,6,2018,0,0,0,0,0,0,0,0,0,0,0,0,0,0,0,0,0,0,0,0,0,0,0,0,0,c(-12798312.0216736, 7022279.30771443)
"Hospitals",74,8,2018,0,0,0,0,0,0,0,0,0,0,0,0,0,0,0,0,0,0,0,0,0,0,0,0,0,c(-12548593.616604, 6704821.74294023)
"Hospitals",76,8,2019,0,0,0,0,0,0,0,0,0,0,0,0,0,0,0,0,0,0,0,0,0,0,0,0,0,c(-13703501.451682, 7427660.74193186)
"Hospitals",106,11,2020,0,0,0,0,0,0,0,0,0,0,0,0,0,0,0,0,0,0,0,0,0,0,0,0,0,c(-12958367.9647726, 7093227.78531782)
"Hospitals",108,9,2020,0,0,0,0,0,0,0,0,0,0,0,0,0,0,0,0,0,0,0,0,0,0,0,0,0,c(-14711658.405048, 7174030.13617733)
"Hospitals",114,8,2020,0,0,0,0,0,0,0,0,0,0,0,0,0,0,0,0,0,0,0,0,0,0,0,0,0,c(-13376242.1973901, 7038989.19485383)
"Hospitals",116,5,2020,0,0,0,0,0,0,0,0,0,0,0,0,0,0,0,0,0,0,0,0,0,0,0,0,0,c(-12345977.7274861, 7150668.59236579)
"Hospitals",145,9,2020,0,0,0,0,0,0,0,0,0,0,0,0,0,0,0,0,0,0,0,0,0,0,0,0,0,c(-14315301.4618963, 7267380.95560257)
"Hospitals",154,11,2018,0,0,0,0,0,1,0,0,0,0,0,0,0,0,0,0,0,0,0,0,0,0,0,0,0,c(-13618012.4464768, 6297819.14864688)
"Hospitals",184,9,2021,0,0,0,0,0,0,0,0,0,0,0,0,0,0,0,0,0,0,0,0,0,0,0,0,0,c(-13800198.7934011, 6306310.1635659)
"Hospitals",199,3,2019,0,0,0,0,0,0,0,0,0,0,0,0,0,0,0,0,0,0,0,0,0,0,0,0,0,c(-12620738.5095449, 7101590.90545285)
"Hospitals",208,11,2020,0,0,0,0,0,0,0,0,0,0,0,0,0,0,0,0,0,0,0,0,0,0,0,0,0,c(-13444347.5620449, 6467287.20199946)
"Hospitals",219,1,2020,0,0,0,0,0,0,0,0,0,0,0,0,0,0,0,0,0,0,0,0,0,0,0,0,0,c(-13911639.5111199, 6396791.84707563)
"Hospitals",227,2,2018,0,0,0,0,0,0,0,0,0,0,0,0,0,0,0,0,0,0,0,0,0,0,0,0,0,c(-14711658.182409, 7174054.10557591)
"Hospitals",275,7,2019,0,0,0,0,0,0,0,0,0,0,0,0,0,0,0,0,0,0,0,0,0,0,0,0,0,c(-13178508.0575618, 7572555.89011689)
"Hospitals",293,10,2021,0,0,0,0,0,0,0,0,0,0,0,0,0,0,0,0,0,0,0,0,0,0,0,0,0,c(-13669168.62829, 6279947.86722261)
"Hospitals",295,11,2021,0,0,0,0,0,0,0,0,0,0,0,0,0,0,0,0,0,0,0,0,0,0,0,0,0,c(-12705332.9513221, 6632672.58113664)
"Hospitals",304,8,2018,0,0,0,0,0,0,0,0,0,0,0,0,0,0,0,0,0,0,0,0,0,0,0,0,0,c(-12622878.5376998, 6399015.56744736)
"Hospitals",306,12,2019,0,0,0,0,0,0,0,0,0,0,0,0,0,0,0,0,0,0,1,0,0,0,0,0,0,c(-13311353.9437552, 6356912.03955345)
"Hospitals",315,8,2018,0,0,0,0,0,0,0,0,0,0,0,0,0,0,0,0,0,0,0,0,0,0,0,0,0,c(-12396738.9366141, 7702633.12726403)
"Hospitals",326,7,2018,0,0,0,0,0,0,0,0,0,0,0,0,0,0,0,0,0,0,0,0,0,0,0,0,0,c(-12602839.0033423, 7112257.1331309)
"Hospitals",329,4,2019,0,0,0,0,0,0,0,0,0,0,0,0,0,0,0,0,0,0,0,0,0,0,0,0,0,c(-14191880.8856688, 6520382.54418789)
"Hospitals",330,5,2021,0,0,0,0,0,0,0,0,0,0,0,0,0,0,0,0,0,0,0,0,0,0,0,0,0,c(-14193558.9045411, 6571915.69440512)
"Hospitals",331,9,2021,0,0,0,0,0,0,0,0,0,0,0,0,0,0,0,0,0,0,0,0,0,0,0,0,0,c(-14145129.2153561, 6547447.45645503)
"Hospitals",334,12,2018,0,0,0,0,0,0,0,0,0,0,0,0,0,0,0,0,0,0,0,0,0,0,0,0,0,c(-13861323.8805177, 6420481.55168061)
"Hospitals",335,1,2021,0,0,0,0,0,0,0,0,0,0,0,0,0,0,0,0,0,0,0,0,0,0,0,0,0,c(-12603873.7402731, 7114167.83232639)
"Hospitals",341,10,2020,0,0,0,0,0,0,0,0,0,0,0,0,0,0,0,0,0,0,0,0,0,0,0,0,0,c(-13666078.9335592, 7153391.05115902)
"Hospitals",342,11,2021,0,0,0,0,0,0,0,0,0,0,0,0,0,0,0,0,0,0,0,0,0,0,0,0,0,c(-14508436.548282, 7228026.92991885)
"Hospitals",343,11,2018,0,0,0,0,0,1,0,0,0,0,0,0,0,0,0,0,0,0,0,0,0,0,0,0,0,c(-13416975.1011343, 6352266.05613949)
"Hospitals",345,4,2020,0,0,0,0,0,0,0,0,0,0,0,0,0,0,0,0,0,0,0,0,0,0,1,0,0,c(-13706567.1014029, 6322593.82499743)
"Hospitals",347,2,2019,0,0,0,0,0,0,0,0,1,0,0,0,0,0,0,0,0,0,0,0,0,0,0,0,0,c(-13700432.5959598, 6311029.67093375)
"Hospitals",348,7,2018,0,1,0,0,0,0,0,0,0,0,0,0,0,0,0,0,0,0,0,0,0,0,0,0,0,c(-13702906.0037258, 6318752.86317364)
"Hospitals",354,5,2019,0,0,0,0,0,0,0,0,0,0,0,0,0,0,0,0,0,0,0,0,0,0,0,0,0,c(-13002272.7058999, 7247166.35447202)
"Hospitals",358,4,2021,0,0,0,0,0,0,0,0,0,0,0,0,0,0,0,0,0,0,0,0,0,0,0,0,0,c(-13725642.0078449, 6185658.86258146)
"Hospitals",359,11,2021,0,0,0,0,0,0,0,0,0,0,0,0,0,0,0,0,0,0,0,0,0,0,0,0,0,c(-14702258.1419674, 7030239.216728)
"Hospitals",360,3,2018,0,0,0,0,0,0,0,0,0,0,0,0,0,0,0,0,0,0,0,0,0,0,0,0,0,c(-13156866.2127177, 6617191.3258746)
"Hospitals",366,12,2020,0,0,0,0,0,0,0,0,0,0,0,0,0,0,0,0,0,0,0,0,0,0,0,0,0,c(-14264851.2460298, 6829338.31982497)
"Hospitals",391,8,2019,0,0,0,0,0,0,0,0,0,0,0,0,0,0,0,0,0,0,0,0,0,0,0,0,0,c(-12634500.9827195, 7087281.0554651)
"Hospitals",395,1,2020,0,0,0,0,0,0,0,0,0,0,0,0,0,0,0,0,0,0,0,1,0,0,0,0,0,c(-13708614.2445747, 6303580.97199801)
"Hospitals",399,2,2018,0,0,0,0,0,0,0,0,0,0,0,0,0,0,0,0,0,0,0,0,0,0,0,0,0,c(-13260290.7359807, 7149637.68124651)
"Hospitals",402,10,2019,0,0,0,0,0,0,0,0,0,0,0,0,0,0,0,0,1,0,0,0,0,0,0,0,0,c(-13651118.0615384, 6311624.05791725)
"Hospitals",409,3,2018,0,0,0,0,0,0,0,0,0,0,0,0,0,0,0,0,0,0,0,0,0,0,0,0,0,c(-13223469.6548027, 7395980.60809771)
"Hospitals",410,8,2020,0,0,0,0,0,0,0,0,0,0,0,0,0,0,0,0,0,0,0,0,0,0,0,0,0,c(-13670720.4219917, 6317531.18237973)
"Hospitals",420,1,2019,0,0,0,0,0,0,0,0,0,0,0,0,0,0,0,0,0,0,0,0,0,0,0,0,0,c(-12626939.1498974, 7068838.91114137)
"Hospitals",431,7,2019,0,0,0,0,0,0,0,0,0,0,0,0,0,1,0,0,0,0,0,0,0,0,0,0,0,c(-13680234.4981196, 6313366.73165796)
"Hospitals",432,10,2020,0,0,0,0,0,0,0,0,0,0,0,0,0,0,0,0,0,0,0,0,0,0,0,0,0,c(-13395585.5507841, 6563161.06679585)
"Hospitals",433,5,2021,0,0,0,0,0,0,0,0,0,0,0,0,0,0,0,0,0,0,0,0,0,0,0,0,0,c(-13728800.5314169, 6179148.16187853)
"Hospitals",440,5,2018,0,0,0,0,0,0,0,0,0,0,0,0,0,0,0,0,0,0,0,0,0,0,0,0,0,c(-13738004.6272908, 6206329.8909463)
"Hospitals",441,11,2018,0,0,0,0,0,0,0,0,0,0,0,0,0,0,0,0,0,0,0,0,0,0,0,0,0,c(-13094205.5734131, 7596410.25722584)
"Hospitals",481,10,2020,0,0,0,0,0,0,0,0,0,0,0,0,0,0,0,0,0,0,0,0,0,0,0,0,0,c(-13277563.3687349, 6569199.47136278)
"Hospitals",484,4,2020,0,0,0,0,0,0,0,0,0,0,0,0,0,0,0,0,0,0,0,0,0,0,0,0,0,c(-12607383.8441929, 7307180.42902456)
"Hospitals",485,6,2020,0,0,0,0,0,0,0,0,0,0,0,0,0,0,0,0,0,0,0,0,0,0,0,0,0,c(-12459790.6301578, 6736892.78781277)
"Hospitals",489,12,2020,0,0,0,0,0,0,0,0,0,0,0,0,0,0,0,0,0,0,0,0,0,0,0,0,0,c(-12390707.1345332, 6922063.04843889)
"Hospitals",509,1,2020,0,0,0,0,0,0,0,0,0,0,0,0,0,0,0,0,0,0,0,1,0,0,0,0,0,c(-13307084.028651, 6306086.00115291)
"Hospitals",511,12,2020,0,0,0,0,0,0,0,0,0,0,0,0,0,0,0,0,0,0,0,0,0,0,0,0,0,c(-12963703.0626884, 7446094.33325666)
"Hospitals",521,6,2019,0,0,0,0,0,0,0,0,0,0,0,0,0,0,0,0,0,0,0,0,0,0,0,0,0,c(-13708013.0080049, 6394122.78621808)
"Hospitals",525,7,2018,0,0,0,0,0,0,0,0,0,0,0,0,0,0,0,0,0,0,0,0,0,0,0,0,0,c(-13804810.5706615, 7175562.01254487)
"Hospitals",526,3,2019,0,0,0,0,0,0,0,0,0,0,0,0,0,0,0,0,0,0,0,0,0,0,0,0,0,c(-13908431.773201, 6390088.39984298)
"Hospitals",528,8,2018,0,0,0,0,0,0,0,0,0,0,0,0,0,0,0,0,0,0,0,0,0,0,0,0,0,c(-13775745.9533033, 6355781.33663121)
"Hospitals",530,1,2018,0,0,0,0,0,0,0,0,0,0,0,0,0,0,0,0,0,0,0,0,0,0,0,0,0,c(-12677057.8006606, 6546475.83047176)
"Hospitals",542,4,2019,0,0,0,0,0,0,0,0,0,0,0,0,0,0,0,0,0,0,0,0,0,0,0,0,0,c(-13830595.3595987, 7254200.36566953)
"Hospitals",548,8,2018,0,0,0,0,0,0,0,0,0,0,0,0,0,0,0,0,0,0,0,0,0,0,0,0,0,c(-13089534.6075794, 7057011.6277704)
"Hospitals",552,6,2021,0,0,0,0,0,0,0,0,0,0,0,0,0,0,0,0,0,0,0,0,0,0,0,0,0,c(-13697668.5775312, 6317724.81526015)
"Hospitals",561,2,2021,0,0,0,0,0,0,0,0,0,0,0,0,0,0,0,0,0,0,0,0,0,0,0,0,0,c(-13674683.7520863, 6304879.09751848)
"Hospitals",580,5,2021,0,0,0,0,0,0,0,0,0,0,0,0,0,0,0,0,0,0,0,0,0,0,0,0,0,c(-12685016.2648283, 6803564.34077033)
"Hospitals",611,2,2021,0,0,0,0,0,0,0,0,0,0,0,0,0,0,0,0,0,0,0,0,0,0,0,0,0,c(-13614408.8675806, 6280137.65084269)
"Hospitals",624,4,2020,0,0,0,0,0,0,0,0,0,0,0,0,0,0,0,0,0,0,0,0,0,0,0,0,0,c(-13145084.0353607, 6960113.86828697)
"Hospitals",631,5,2020,0,0,0,0,0,0,0,0,0,0,0,0,0,0,0,0,0,0,0,0,0,0,0,0,0,c(-14016103.3910726, 6300590.64134081)
"Hospitals",642,4,2019,0,0,0,0,0,0,0,0,0,0,0,0,0,0,0,0,0,0,0,0,0,0,0,0,0,c(-12452147.3671283, 6944051.45380001)
"Hospitals",659,2,2020,0,0,0,0,0,0,0,0,0,0,0,0,0,0,0,0,0,0,0,0,1,0,0,0,0,c(-13719682.2072107, 6319631.96358308)
"Hospitals",674,12,2019,0,0,0,0,0,0,0,0,0,0,0,0,0,0,0,0,0,0,1,0,0,0,0,0,0,c(-13706091.1103922, 6319369.30527746)
"Hospitals",675,1,2021,0,0,0,0,0,0,0,0,0,0,0,0,0,0,0,0,0,0,0,0,0,0,0,0,0,c(-13706285.2181883, 6319296.12813408)
"Hospitals",676,12,2021,1,0,0,0,0,0,0,0,0,0,0,0,0,0,0,0,0,0,0,0,0,0,0,0,0,c(-13705750.2167155, 6319182.35514424)
"Hospitals",684,5,2018,0,0,0,0,0,0,0,0,0,0,0,0,0,0,0,0,0,0,0,0,0,0,0,0,0,c(-13277123.7569338, 6490667.57188869)
"Hospitals",687,6,2021,0,0,0,0,0,0,0,0,0,0,0,0,0,0,0,0,0,0,0,0,0,0,0,0,0,c(-13740505.8760613, 6184818.44061318)
"Hospitals",688,2,2019,0,0,0,0,0,0,0,0,0,0,0,0,0,0,0,0,0,0,0,0,0,0,0,0,0,c(-12463830.4590065, 7316342.29226222)
"Hospitals",699,2,2021,0,0,0,0,0,0,0,0,0,0,0,0,0,0,0,0,0,0,0,0,0,0,0,0,0,c(-12661601.7906767, 6883854.17144127)
"Hospitals",710,4,2020,0,0,0,0,0,0,0,0,0,0,0,0,0,0,0,0,0,0,0,0,0,0,0,0,0,c(-12555567.4042159, 7125325.42608388)
"Hospitals",725,6,2018,0,0,0,0,0,0,0,0,0,0,0,0,0,0,0,0,0,0,0,0,0,0,0,0,0,c(-13890673.5982239, 6317172.95453214)
"Hospitals",732,1,2021,0,0,0,0,0,0,0,0,0,0,0,0,0,0,0,0,0,0,0,0,0,0,0,0,0,c(-12639808.4734015, 7030275.48228009)
"Hospitals",764,9,2021,0,0,0,0,0,0,0,0,0,0,0,0,0,0,0,0,0,0,0,0,0,0,0,0,0,c(-12734968.4038972, 7192859.49225952)
"Hospitals",779,8,2021,0,0,0,0,0,0,0,0,0,0,0,0,0,0,0,0,0,0,0,0,0,0,0,0,0,c(-14210073.0396808, 7412408.30201983)
"Hospitals",785,4,2019,0,0,0,0,0,0,0,0,0,0,0,0,0,0,0,0,0,0,0,0,0,0,0,0,0,c(-13093556.2468233, 7745415.87761391)
"Hospitals",793,4,2018,0,0,0,0,0,0,0,0,0,0,0,1,0,0,0,0,0,0,0,0,0,0,0,0,0,c(-10859296.3322019, 6293104.75008164)
"Hospitals",795,3,2019,0,0,0,0,0,0,0,0,0,0,0,0,0,0,0,0,0,0,0,0,0,0,1,0,0,c(-10823181.9850751, 6604530.85614733)
"Hospitals",796,7,2018,0,0,0,0,0,0,0,0,0,0,0,0,0,0,1,0,0,0,0,0,0,0,0,0,0,c(-11047428.4535045, 6340424.3093792)
"Hospitals",797,6,2021,0,0,0,0,0,0,0,0,0,0,0,0,0,0,0,0,0,0,0,0,0,0,0,0,0,c(-10744557.195707, 6456304.96691779)
"Hospitals",799,7,2018,0,0,0,0,0,0,0,0,0,0,0,0,0,0,1,0,0,0,0,0,0,0,0,0,0,c(-10762375.9730149, 6365203.96482635)
"Hospitals",801,5,2018,0,0,0,0,0,0,0,0,0,0,0,0,1,0,0,0,0,0,0,0,0,0,0,0,0,c(-11248480.5486796, 6520338.14400887)
"Hospitals",802,6,2018,0,0,0,0,0,0,0,0,0,0,0,0,0,1,0,0,0,0,0,0,0,0,0,0,0,c(-11138590.845426, 6312992.31792657)
"Hospitals",804,10,2018,0,0,0,0,0,0,0,0,0,0,0,0,0,0,0,0,0,1,0,0,0,0,0,0,0,c(-11124924.4854998, 6418652.50245012)
"Hospitals",808,1,2020,0,0,0,0,0,0,0,0,0,0,0,0,0,0,0,0,0,0,0,0,0,0,0,0,0,c(-12323325.892034, 6452263.17683157)
"Hospitals",809,11,2021,0,0,0,0,0,0,0,0,0,0,0,0,0,0,0,0,0,1,1,0,0,0,0,0,0,c(-10815614.7977855, 6429504.55654853)
"Hospitals",810,12,2019,0,0,0,0,0,0,0,0,0,0,0,0,0,0,0,0,0,0,0,0,0,0,0,0,0,c(-11060281.4798352, 6424119.10760939)
"Hospitals",811,2,2020,0,0,0,0,0,0,0,0,0,0,0,0,0,0,0,0,0,0,0,0,0,0,0,0,0,c(-10910261.9907066, 6359608.65356225)
"Hospitals",812,3,2019,0,0,0,0,0,0,0,0,0,0,0,0,0,0,0,0,0,0,0,0,0,0,1,0,0,c(-11058600.6668437, 6291004.80656952)
"Hospitals",815,7,2021,0,0,0,0,0,0,0,0,0,0,0,0,0,0,0,0,0,0,0,0,0,0,0,0,0,c(-10482984.8901325, 8131184.75391414)
"Hospitals",816,11,2018,0,0,0,0,0,0,0,0,0,0,0,0,0,0,0,0,0,0,0,0,0,0,0,0,0,c(-10805185.1856375, 6431310.92082103)
"Hospitals",818,1,2020,0,0,0,0,0,0,0,0,0,0,0,0,0,0,0,0,0,0,0,0,0,0,0,0,0,c(-11198931.0188131, 7212847.15662606)
"Hospitals",820,7,2020,0,0,0,0,0,0,0,0,0,0,0,0,0,0,0,0,0,0,0,0,0,0,0,0,0,c(-11138736.3066047, 6647469.70655061)
"Hospitals",822,10,2021,0,0,0,0,0,0,0,0,0,0,0,0,0,0,0,0,0,0,0,0,0,0,0,0,0,c(-11187421.5630766, 6307450.41518199)
"Hospitals",823,2,2018,0,0,0,0,0,0,0,0,0,1,0,0,0,0,0,0,0,0,0,0,0,0,0,0,0,c(-10796681.9350138, 6350705.43348623)
"Hospitals",825,1,2019,0,0,0,0,0,0,0,0,0,0,0,0,0,0,0,0,0,0,0,0,0,0,0,0,0,c(-12818129.5515706, 7161107.60363503)
"Hospitals",826,8,2021,0,0,0,0,0,0,0,0,0,0,0,0,0,0,0,1,0,0,0,0,0,0,0,0,0,c(-10835362.485834, 6468879.55742243)
"Hospitals",828,9,2018,0,0,0,0,0,0,0,0,0,0,0,0,0,0,0,0,1,0,0,0,0,0,0,0,0,c(-10921183.2231218, 6597639.6841747)
"Hospitals",831,8,2021,0,0,0,0,0,0,0,0,0,0,0,0,0,0,0,0,0,0,0,0,0,0,0,0,0,c(-11121821.232055, 6532681.23426355)
"Hospitals",832,7,2018,0,0,0,0,0,0,0,0,0,0,0,0,0,0,0,0,0,0,0,0,0,0,0,0,0,c(-12637292.1631038, 7079804.86787853)
"Hospitals",838,8,2019,0,0,0,0,0,0,0,0,0,0,0,0,0,0,0,0,0,0,0,0,0,0,0,0,0,c(-11340853.6959108, 7316271.3835246)
"Hospitals",841,4,2018,0,0,0,0,0,0,0,0,0,0,0,0,0,0,0,0,0,0,0,0,0,0,0,0,0,c(-10542888.1901779, 7627739.86761441)
"Hospitals",842,1,2019,0,0,0,0,0,0,0,0,0,0,0,0,0,0,0,0,0,0,0,0,0,0,0,0,0,c(-12323370.9764278, 6452293.15899611)
"Hospitals",843,11,2021,0,0,0,0,0,0,0,0,0,0,0,0,0,0,0,0,0,0,0,0,0,0,0,0,0,c(-11052588.4124654, 6370394.48740831)
"Hospitals",846,2,2018,0,0,0,0,0,0,0,0,0,1,0,0,0,0,0,0,0,0,0,0,0,0,0,0,0,c(-10828801.1480674, 6425926.68966922)
"Hospitals",847,5,2018,0,0,0,0,0,0,0,0,0,0,0,0,0,0,0,0,0,0,0,0,0,0,0,0,0,c(-11209898.3263655, 6653004.36416992)
"Hospitals",849,8,2019,0,0,0,0,0,0,0,0,0,0,0,0,0,0,0,0,0,0,0,0,0,0,0,0,0,c(-12476282.7017745, 6300054.87806793)
"Hospitals",850,3,2018,0,0,0,0,0,0,0,0,0,0,1,0,0,0,0,0,0,0,0,0,0,0,0,0,0,c(-11197627.5788954, 6477877.498203)
"Hospitals",852,4,2021,0,0,0,0,0,0,0,0,0,0,0,0,0,0,0,0,0,0,0,0,0,0,0,0,0,c(-11190583.9494349, 6357516.51653094)
"Hospitals",853,2,2019,0,0,0,0,0,0,0,0,0,0,0,0,0,0,0,0,0,0,0,0,0,1,0,0,0,c(-10815740.2771155, 6429784.77724757)
"Hospitals",855,5,2021,0,0,0,0,0,0,0,0,0,0,0,0,0,0,0,0,0,0,0,0,0,0,0,0,0,c(-12865714.0141259, 6653042.93334899)
"Hospitals",856,7,2020,0,0,0,0,0,0,0,0,0,0,0,0,0,0,0,0,0,0,0,0,0,0,0,0,0,c(-10758768.4534087, 6388956.20385078)
"Hospitals",858,12,2020,0,0,0,0,0,0,0,1,0,0,0,0,0,0,0,0,0,0,0,0,0,0,0,0,0,c(-10797321.320773, 6555739.14237276)
"Hospitals",863,2,2020,0,0,0,0,0,0,0,0,0,0,0,0,0,0,0,0,0,0,0,0,0,0,0,0,0,c(-10948487.1000942, 6653170.11348571)
"Hospitals",864,9,2019,0,0,0,0,0,0,0,0,0,0,0,0,0,0,0,0,0,0,0,0,0,0,0,0,0,c(-11133202.3141547, 7651202.68502132)
"Hospitals",865,12,2021,0,0,0,0,0,0,0,0,0,0,0,0,0,0,0,0,0,0,0,0,0,0,0,0,0,c(-12647265.5768466, 7079961.53020666)
"Hospitals",869,7,2019,0,0,0,0,0,0,0,0,0,0,0,0,0,0,0,0,0,0,0,0,0,0,0,0,0,c(-10996968.7420855, 6345138.03450416)
"Hospitals",872,6,2020,0,0,0,0,0,0,0,0,0,0,0,0,0,0,0,0,0,0,0,0,0,0,0,0,0,c(-11248170.7020089, 7730920.37877062)
"Hospitals",873,12,2018,0,0,0,0,0,0,0,0,0,0,0,0,0,0,0,0,0,0,0,1,0,0,0,0,0,c(-10995584.5955369, 6439739.24806651)
"Hospitals",874,11,2018,0,0,0,0,0,0,0,0,0,0,0,0,0,0,0,0,0,0,1,0,0,0,0,0,0,c(-10816183.8852864, 6430035.05324884)
"Hospitals",876,7,2019,0,0,0,0,0,0,0,0,0,0,0,0,0,0,0,0,0,0,0,0,0,0,0,0,0,c(-11074773.8303831, 6581140.68680147)
"Hospitals",878,4,2020,0,0,0,0,0,0,0,0,0,0,0,0,0,0,0,0,0,0,0,0,0,0,0,0,0,c(-11242887.3008647, 6320885.3751743)
"Hospitals",880,3,2019,0,0,0,0,0,0,0,0,0,0,0,0,0,0,0,0,0,0,0,0,0,0,1,0,0,c(-11114133.8419793, 6488225.09945291)
"Hospitals",881,11,2021,0,0,0,0,0,0,0,0,0,0,0,0,0,0,0,0,0,1,1,0,0,0,0,0,0,c(-10815733.7983212, 6425338.37623132)
"Hospitals",882,1,2019,0,0,0,0,0,0,0,0,0,0,0,0,0,0,0,0,0,0,0,0,0,0,0,0,0,c(-12625575.2301004, 7095563.54885313)
"Hospitals",883,8,2019,0,0,0,1,0,0,0,0,0,0,0,0,0,0,0,0,0,0,0,0,0,0,0,0,0,c(-10838142.7346444, 6335022.5285441)
"Hospitals",884,5,2018,0,0,0,0,0,0,0,0,0,0,0,0,1,0,0,0,0,0,0,0,0,0,0,0,0,c(-11072164.9690607, 6486926.72328057)
"Hospitals",885,9,2020,0,0,0,0,0,0,0,0,0,0,0,0,0,0,0,0,0,0,0,0,0,0,0,0,0,c(-10890623.5627383, 7167126.09973405)
"Hospitals",886,3,2018,0,0,0,0,0,0,0,0,0,0,1,0,0,0,0,0,0,0,0,0,0,0,0,0,0,c(-10971923.1924909, 6365736.6061509)
"Hospitals",890,1,2020,0,0,0,0,0,0,0,0,0,0,0,0,0,0,0,0,0,0,0,0,0,0,0,0,0,c(-12396787.7279469, 7702363.17309196)
"Hospitals",891,4,2020,0,0,0,0,0,0,0,0,0,0,0,0,0,0,0,0,0,0,0,0,0,0,0,0,0,c(-10969878.9213619, 6315977.38604621)
"Hospitals",892,2,2018,0,0,0,0,0,0,0,0,0,1,0,0,0,0,0,0,0,0,0,0,0,0,0,0,0,c(-10861895.2304298, 6659582.04156846)
"Hospitals",894,11,2018,0,0,0,0,0,0,0,0,0,0,0,0,0,0,0,0,0,0,1,0,0,0,0,0,0,c(-10673702.3954768, 6472512.73404063)
"Hospitals",895,8,2018,0,0,0,0,0,0,0,0,0,0,0,0,0,0,0,1,0,0,0,0,0,0,0,0,0,c(-10710582.5427767, 6544421.09723002)
"Hospitals",896,6,2018,0,0,0,0,0,0,0,0,0,0,0,0,0,1,0,0,0,0,0,0,0,0,0,0,0,c(-10940646.5343991, 6440602.58724991)
"Hospitals",898,5,2019,0,0,0,0,0,0,0,0,0,0,0,0,0,0,0,0,0,0,0,0,0,0,0,0,0,c(-11254383.2535469, 6370654.40427892)
"Hospitals",899,4,2019,0,0,0,0,0,0,0,0,0,0,0,0,0,0,0,0,0,0,0,0,0,0,0,0,0,c(-13042431.2010717, 8075975.84787903)
"Hospitals",910,2,2021,0,0,0,0,0,0,0,0,0,0,0,0,0,0,0,0,0,0,0,0,0,0,0,0,0,c(-12716516.6528327, 6564534.62020607)
"Hospitals",911,2,2020,0,0,0,0,0,0,0,0,0,0,0,0,0,0,0,0,0,0,0,0,0,0,0,0,0,c(-11158897.9695755, 6452370.69718727)
"Hospitals",913,11,2021,0,0,0,0,0,0,0,0,0,0,0,0,0,0,0,0,0,0,0,0,0,0,0,0,0,c(-11283651.0957676, 6661551.29229775)
"Hospitals",914,9,2018,0,0,0,0,0,0,0,0,0,0,0,0,0,0,0,0,1,0,0,0,0,0,0,0,0,c(-11015172.362005, 6300376.77444766)
"Hospitals",915,6,2021,0,0,0,0,0,0,0,0,0,0,0,0,0,0,0,0,0,0,0,0,0,0,0,0,0,c(-11221513.2795835, 6562610.21662756)
"Hospitals",916,7,2020,0,0,0,0,0,0,0,0,0,0,0,0,0,0,0,0,0,0,0,0,0,0,0,0,0,c(-11274127.8691775, 6581267.21562339)
"Hospitals",919,7,2020,0,0,1,0,0,0,0,0,0,0,0,0,0,0,1,0,0,0,0,0,0,0,0,0,0,c(-10785490.9643404, 6473596.26921955)
"Hospitals",925,8,2021,0,0,0,0,0,0,0,0,0,0,0,0,0,0,1,1,0,0,0,0,0,0,0,0,0,c(-10814254.7519068, 6438540.3642587)
"Hospitals",926,5,2021,0,0,0,0,0,0,0,0,0,0,0,0,0,0,0,0,0,0,0,0,0,0,0,0,0,c(-11014346.5940223, 6485451.41583069)
"Hospitals",928,3,2018,0,0,0,0,0,0,0,0,0,0,0,0,0,0,0,0,0,0,0,0,0,0,0,0,0,c(-12703539.2714989, 6764279.6808822)
"Hospitals",930,10,2020,0,0,0,0,0,0,0,0,0,0,0,0,0,0,0,0,0,0,0,0,0,0,0,0,0,c(-11198146.661681, 6522596.09289372)
"Hospitals",931,7,2019,0,0,0,0,0,0,0,0,0,0,0,0,0,0,0,0,0,0,0,0,0,0,0,0,0,c(-11135046.9894366, 7338811.96778986)
"Hospitals",932,11,2021,0,0,0,0,0,0,0,0,0,0,0,0,0,0,0,0,0,0,0,0,0,0,0,0,0,c(-11159680.6457834, 6379810.18286508)
"Hospitals",936,2,2020,0,0,0,0,0,0,0,0,0,0,0,0,0,0,0,0,0,0,0,0,0,0,0,0,0,c(-11271198.1850827, 7137570.34384427)
"Hospitals",937,6,2019,0,1,0,0,0,0,0,0,0,0,0,0,0,0,0,0,0,0,0,0,0,0,0,0,0,c(-10811887.7544421, 6426269.12429899)
"Hospitals",938,10,2021,0,0,0,0,0,0,0,0,0,0,0,0,0,0,0,0,0,0,0,0,0,0,0,0,0,c(-10947706.4944289, 6386530.08915)
"Hospitals",943,10,2021,0,0,0,0,0,0,0,0,0,0,0,0,0,0,0,0,0,0,0,0,0,0,0,0,0,c(-11273521.3115361, 6818079.82471051)
"Hospitals",944,12,2018,0,0,0,0,0,0,0,0,0,0,0,0,0,0,0,0,0,0,0,1,0,0,0,0,0,c(-10835310.1322775, 6469106.94259719)
"Hospitals",945,2,2021,0,0,0,0,0,0,0,0,0,0,0,0,0,0,0,0,0,0,0,0,0,0,0,0,0,c(-11272466.0027633, 6819387.93774492)
"Hospitals",947,5,2020,0,0,0,0,0,0,0,0,0,0,0,0,0,0,0,0,0,0,0,0,0,0,0,0,0,c(-10826360.4904957, 6513629.9018116)
"Hospitals",952,11,2020,0,0,0,0,0,0,0,0,0,0,0,0,0,0,0,0,0,0,0,0,0,0,0,0,0,c(-11270862.2228595, 7137911.35393444)
"Hospitals",955,8,2021,0,0,0,0,0,0,0,0,0,0,0,0,0,0,0,0,0,0,0,0,0,0,0,0,0,c(-10893348.8865119, 7505899.63943953)
"Hospitals",956,6,2019,0,0,0,0,0,0,0,0,0,0,0,0,0,0,0,0,0,0,0,0,0,0,0,0,0,c(-10987032.4756567, 6383039.96105738)
"Hospitals",957,12,2019,0,0,0,0,0,0,0,0,0,0,0,0,0,0,0,0,0,0,0,0,0,0,0,0,0,c(-11094480.1743727, 6304772.05789842)
"Hospitals",959,3,2018,0,0,0,0,0,0,0,0,0,0,1,0,0,0,0,0,0,0,0,0,0,0,0,0,0,c(-10814993.4235199, 6412876.29692005)
"Hospitals",960,9,2019,0,0,0,0,0,0,0,0,0,0,0,0,0,0,0,0,0,0,0,0,0,0,0,0,0,c(-11234783.4979697, 6421447.55184654)
"Hospitals",961,12,2021,0,0,0,0,0,0,0,0,0,0,0,0,0,0,0,0,0,1,0,0,0,0,0,0,0,c(-10749542.026845, 6298000.12969477)
"Hospitals",964,3,2021,0,0,0,0,0,0,0,0,0,0,0,0,0,0,0,0,0,0,0,0,0,0,0,0,0,c(-11097721.6754932, 6376446.83275065)
"Hospitals",967,6,2020,1,1,0,0,0,0,0,0,0,0,0,0,0,1,0,0,0,0,0,0,0,0,0,0,0,c(-10820231.2504646, 6419142.83123086)
"Hospitals",970,9,2019,0,0,0,0,0,0,0,0,0,0,0,0,0,0,0,0,0,0,0,0,0,0,0,0,0,c(-11124405.2913948, 6735338.1410776)
"Hospitals",973,11,2021,0,0,0,0,0,0,0,0,0,0,0,0,0,0,0,0,0,0,0,0,0,0,0,0,0,c(-7421289.11513989, 6105699.81152184)
"Hospitals",975,2,2021,0,0,0,0,0,0,0,0,0,0,0,0,0,0,0,0,0,0,0,0,0,1,0,0,0,c(-7361212.4683834, 5661646.21053047)
"Hospitals",977,12,2019,0,0,0,0,0,0,0,0,0,0,0,0,0,0,0,0,0,0,0,0,0,0,0,0,0,c(-7421289.11513989, 6105699.81152184)
"Hospitals",978,10,2018,0,0,0,0,0,0,0,0,0,0,0,0,0,0,0,0,0,0,0,0,0,0,0,0,0,c(-7211968.33064015, 5796071.7664819)
"Hospitals",979,10,2018,0,0,0,0,0,0,0,0,0,0,0,0,0,0,0,0,0,0,0,0,0,0,0,0,0,c(-7487997.01943513, 5652191.4367399)
"Hospitals",980,9,2018,0,0,0,1,1,0,0,0,0,0,0,0,0,0,0,0,0,0,0,0,0,0,0,0,0,c(-7419941.84873866, 5770574.4599698)
"Hospitals",983,8,2019,0,0,0,0,0,0,0,0,0,0,0,0,0,0,0,0,0,0,0,0,0,0,0,0,0,c(-7432116.17126588, 5584162.36132244)
"Hospitals",984,2,2020,0,0,0,0,0,0,0,0,0,0,0,0,0,0,0,0,0,0,0,0,0,0,0,0,0,c(-7537479.12308604, 5897952.11717714)
"Hospitals",985,12,2020,0,0,0,0,0,0,0,0,0,0,0,0,0,0,0,0,0,0,0,0,0,0,0,0,0,c(-7228945.13184748, 6072739.8330323)
"Hospitals",986,5,2018,0,0,0,0,0,0,0,0,0,0,0,0,0,0,0,0,0,0,0,0,0,0,0,0,0,c(-7225339.60486018, 6026112.71967803)
"Hospitals",987,1,2020,0,0,0,0,0,0,0,0,0,0,0,0,0,0,0,0,0,0,0,0,0,0,0,0,0,c(-7197156.93843164, 6072260.70900986)
"Hospitals",988,2,2021,0,0,0,0,0,0,0,0,0,0,0,0,0,0,0,0,0,0,0,0,0,0,0,0,0,c(-7542377.84859789, 5949471.06113646)
"Hospitals",989,1,2020,0,0,0,0,0,0,0,0,0,0,0,0,0,0,0,0,0,0,0,0,0,0,0,0,0,c(-7313097.65751011, 6048705.92121009)
"Hospitals",990,12,2020,0,0,0,0,0,0,0,0,0,0,0,0,0,0,0,0,0,0,0,0,0,0,0,0,0,c(-7604311.21540522, 6003663.46732103)
"Hospitals",991,8,2019,0,0,0,0,0,0,0,0,0,0,0,0,0,0,0,0,0,0,0,0,0,0,0,0,0,c(-7211538.30344722, 5870365.43930096)
"Hospitals",992,5,2020,0,0,0,0,0,0,0,0,0,0,0,0,0,0,0,0,0,0,0,0,0,0,0,0,0,c(-7502176.26165128, 6023667.77419045)
"Hospitals",993,4,2021,0,0,0,0,0,0,0,0,0,0,0,0,0,0,0,0,0,0,0,0,0,0,0,0,0,c(-7296040.04948442, 5942542.19926983)
"Hospitals",994,9,2019,0,0,0,0,1,0,0,0,0,0,0,0,0,0,0,1,1,0,0,0,0,0,0,0,0,c(-7399760.50448182, 5756126.17098704)
"Hospitals",995,5,2019,0,0,0,0,0,0,0,0,0,0,0,0,0,0,0,0,0,0,0,0,0,0,0,0,0,c(-13063836.7257688, 7604549.94618947)
"Hospitals",996,8,2019,0,0,0,0,0,0,0,0,0,0,0,0,0,0,0,0,0,0,0,0,0,0,0,0,0,c(-7165907.77625411, 5763043.24951191)
"Hospitals",997,5,2018,1,0,0,0,0,0,0,0,0,0,0,0,0,0,0,0,0,0,0,0,0,0,0,0,0,c(-7356565.2469971, 5669307.17763404)
"Hospitals",998,1,2021,0,0,0,0,0,0,0,0,0,0,0,0,0,0,0,0,0,0,0,0,1,0,0,0,0,c(-7353532.34747044, 5665556.69385711)
"Hospitals",999,10,2018,0,0,0,0,1,1,0,0,0,0,0,0,0,0,0,0,0,0,0,0,0,0,0,0,0,c(-7290377.3717031, 5736601.81005188)
"Hospitals",1000,8,2021,0,0,0,0,0,0,0,0,0,0,0,0,0,0,0,0,0,0,0,0,0,0,0,0,0,c(-12688523.9531152, 6635113.08849923)
"Hospitals",1001,3,2019,0,0,0,0,0,0,0,0,0,0,0,0,0,0,0,0,0,0,0,0,0,0,0,0,0,c(-7214187.61827251, 5797187.84647398)
"Hospitals",1002,6,2018,1,1,0,0,0,0,0,0,0,0,0,0,0,0,0,0,0,0,0,0,0,0,0,0,0,c(-7419771.15143148, 5770328.10915509)
"Hospitals",1003,12,2020,0,0,0,0,0,0,0,0,0,0,0,0,0,0,0,0,0,0,0,0,0,0,0,0,0,c(-7502694.45388092, 5924303.77106452)
"Hospitals",1004,1,2020,0,0,0,0,0,0,0,0,0,0,0,0,0,0,0,0,0,0,0,0,0,0,0,0,0,c(-7521986.45559387, 5825912.25008559)
"Hospitals",1005,8,2021,0,0,0,0,0,0,0,0,0,0,0,0,0,0,0,0,0,0,0,0,0,0,0,0,0,c(-7368668.67014063, 5668550.91014768)
"Hospitals",1006,2,2021,0,0,0,0,0,0,0,0,0,0,0,0,0,0,0,0,0,0,0,0,0,0,0,0,0,c(-12519107.5993133, 6584100.85809685)
"Hospitals",1007,2,2020,0,0,0,0,0,0,0,0,0,0,0,0,0,0,0,0,0,0,0,0,0,0,0,0,0,c(-12684514.7816542, 6359008.44751352)
"Hospitals",1008,11,2019,0,0,0,0,0,0,0,0,0,0,0,0,0,0,0,0,0,0,0,0,0,0,0,0,0,c(-6329336.481871, 6245053.00590976)
"Hospitals",1009,2,2018,0,0,0,0,0,0,0,0,0,0,0,0,0,0,0,0,0,0,0,0,0,0,0,0,0,c(-6258597.28693202, 6433412.49174259)
"Hospitals",1015,12,2021,0,0,0,0,0,0,0,0,0,0,0,0,0,0,0,0,0,0,0,0,0,0,0,0,0,c(-5912005.72213952, 6215104.4617672)
"Hospitals",1016,12,2020,0,0,0,0,0,0,0,0,0,0,0,0,0,0,0,0,0,0,0,0,0,0,0,0,0,c(-12554312.967138, 6424344.94542368)
"Hospitals",1018,3,2018,0,0,0,0,0,0,0,0,0,0,0,0,0,0,0,0,0,0,0,0,0,0,0,0,0,c(-6470600.58172919, 6355056.24965821)
"Hospitals",1019,11,2021,0,0,0,0,0,0,0,0,0,0,0,0,0,0,0,0,0,0,0,0,0,0,0,0,0,c(-5965681.86552971, 6297746.44766097)
"Hospitals",1022,4,2018,0,0,0,0,0,0,0,0,0,0,0,0,0,0,0,0,0,0,0,0,0,0,0,0,0,c(-5925154.79152397, 6061268.37817266)
"Hospitals",1025,2,2019,0,0,0,0,0,0,0,0,0,0,0,0,0,0,0,0,0,0,0,0,0,0,0,0,0,c(-6194701.68032853, 6263425.46630275)
"Hospitals",1029,2,2021,0,0,0,0,0,0,0,0,0,0,0,0,0,0,0,0,0,0,0,0,0,0,0,0,0,c(-6214686.75719116, 6018809.3656198)
"Hospitals",1031,9,2020,0,0,0,0,0,0,0,0,0,0,0,0,0,0,0,0,0,0,0,0,0,0,0,0,0,c(-5899887.70501075, 6119552.1712968)
"Hospitals",1036,12,2020,0,0,0,0,0,0,0,0,0,0,0,0,0,0,0,0,0,0,0,0,0,0,0,0,0,c(-6585989.35650841, 6038742.66023687)
"Hospitals",1037,12,2020,0,0,0,0,0,0,0,0,0,0,0,0,0,0,0,0,0,0,0,0,0,0,0,0,0,c(-6187915.3102113, 6685656.60169147)
"Hospitals",1038,4,2020,0,0,0,0,0,0,0,0,0,0,0,0,0,0,0,0,0,0,0,0,0,0,0,0,0,c(-6009516.24160692, 6134347.86672212)
"Hospitals",1040,8,2020,0,0,0,0,0,0,0,0,0,0,0,0,0,0,0,0,0,0,0,0,0,0,0,0,0,c(-5894027.29041793, 6048142.4571638)
"Hospitals",1042,8,2020,0,0,0,0,0,0,0,0,0,0,0,0,0,0,0,0,0,0,0,0,0,0,0,0,0,c(-12644726.5239769, 6924891.99419239)
"Hospitals",1046,7,2018,0,0,0,0,0,0,0,0,0,0,0,0,0,0,0,0,0,0,0,0,0,0,0,0,0,c(-6036253.88085742, 6388558.4527842)
"Hospitals",1051,11,2019,0,0,0,0,0,0,0,0,0,0,0,0,0,0,0,0,0,0,0,0,0,0,0,0,0,c(-12274625.8412018, 6865111.45003836)
"Hospitals",1052,8,2020,0,0,0,0,0,0,0,0,0,0,0,0,0,0,0,0,0,0,0,0,0,0,0,0,0,c(-6239851.86391887, 6361120.49932626)
"Hospitals",1054,9,2018,0,0,0,0,0,0,0,0,0,0,0,0,0,0,0,0,0,0,0,0,0,0,0,0,0,c(-5871198.95568677, 6035912.19141432)
"Hospitals",1055,1,2018,0,0,0,0,0,0,0,0,0,0,0,0,0,0,0,0,0,0,0,0,0,0,0,0,0,c(-6081250.08732809, 6267410.67674021)
"Hospitals",1056,6,2020,0,0,0,0,0,0,0,0,0,0,0,0,0,0,0,0,0,0,0,0,0,0,0,0,0,c(-5871264.56962104, 6036053.86113783)
"Hospitals",1058,11,2021,0,0,0,0,0,0,0,0,0,0,0,0,0,0,0,0,0,0,0,0,0,0,0,0,0,c(-6717170.91612699, 7038057.71582298)
"Hospitals",1059,7,2021,0,0,0,0,0,0,0,0,0,0,0,0,0,0,0,0,0,0,0,0,0,0,0,0,0,c(-6340769.66149241, 6705554.05089358)
"Hospitals",1062,8,2019,0,0,0,0,0,0,0,0,0,0,0,0,0,0,0,0,0,0,0,0,0,0,0,0,0,c(-7448738.89856884, 6973458.2756262)
"Hospitals",1074,11,2018,0,0,0,0,0,0,0,0,0,0,0,0,0,0,0,0,0,0,0,0,0,0,0,0,0,c(-6095535.71758159, 6386446.36845224)
"Hospitals",1080,7,2020,0,0,0,0,0,0,0,0,0,0,0,0,0,0,0,0,0,0,0,0,0,0,0,0,0,c(-6379202.6043693, 6559550.30735612)
"Hospitals",1083,11,2019,0,0,0,0,0,0,0,0,0,0,0,0,0,0,0,0,0,0,0,0,0,0,0,0,0,c(-6518046.39585867, 6200472.19630406)
"Hospitals",1086,3,2018,0,0,0,0,0,0,0,0,0,0,0,0,0,0,0,0,0,0,0,0,0,0,0,0,0,c(-5868947.23178119, 6033622.07097153)
"Hospitals",1092,11,2019,0,0,0,0,0,0,0,0,0,0,0,0,0,0,0,0,0,0,0,0,0,0,0,0,0,c(-6166994.0364311, 5930686.24941744)
"Hospitals",1095,5,2020,0,0,0,0,0,0,0,0,0,0,0,0,0,0,0,0,0,0,0,0,0,0,0,0,0,c(-5871219.34051193, 6028953.63189516)
"Hospitals",1096,3,2019,0,0,0,0,0,0,0,0,0,0,0,0,0,0,0,0,0,0,0,0,0,0,0,0,0,c(-6448803.83581365, 6266127.74013849)
"Hospitals",1097,3,2019,0,0,0,0,0,0,0,0,0,0,0,0,0,0,0,0,0,0,0,0,0,0,0,0,0,c(-6246918.6478334, 6598100.34825736)
"Hospitals",1098,6,2020,0,0,0,0,0,0,0,0,0,0,0,0,0,0,0,0,0,0,0,0,0,0,0,0,0,c(-6973375.1732165, 5712190.90978377)
"Hospitals",1100,8,2018,0,0,0,0,0,0,0,0,0,0,0,0,0,0,0,0,0,0,0,0,0,0,0,0,0,c(-7130024.51725825, 5724482.37031887)
"Hospitals",1101,4,2018,0,0,0,0,0,0,0,0,0,0,0,0,0,0,0,0,0,0,0,0,0,0,0,0,0,c(-13294229.1989446, 7403434.27755686)
"Hospitals",1102,2,2019,0,0,0,0,0,0,0,0,0,0,0,0,0,0,0,0,0,0,0,0,0,0,0,0,0,c(-13223260.2628406, 7395961.3682617)
"Hospitals",1103,12,2019,0,0,0,0,0,0,0,0,0,0,0,0,0,0,0,0,0,0,0,0,0,0,0,0,0,c(-7291634.1798861, 5580152.37269644)
"Hospitals",1111,8,2020,0,0,0,0,0,0,0,0,0,0,0,0,0,0,0,0,0,0,0,0,0,0,0,0,0,c(-6716386.55899486, 5911208.901866)
"Hospitals",1115,11,2021,0,0,0,0,0,0,0,0,0,0,0,0,0,0,0,0,0,0,0,0,0,0,0,0,0,c(-6698568.31602052, 5798541.7547702)
"Hospitals",1123,11,2021,0,0,0,0,0,0,0,0,0,0,0,0,0,0,0,0,0,0,0,0,0,0,0,0,0,c(-7086486.79649206, 5583379.34082673)
"Hospitals",1125,1,2018,0,0,0,0,0,0,0,0,0,0,0,0,0,0,0,0,0,0,0,0,0,0,0,0,0,c(-7045731.3839468, 5677915.37132542)
"Hospitals",1126,9,2019,0,0,0,0,0,0,0,0,0,0,0,0,0,0,0,0,0,0,0,0,0,0,0,0,0,c(-7146366.16284696, 5749012.86445269)
"Hospitals",1127,2,2019,0,0,0,0,0,0,0,0,0,1,0,0,0,0,0,0,0,0,0,0,0,0,0,0,0,c(-12540205.6484449, 6354082.31350215)
"Hospitals",1128,9,2018,0,0,0,0,0,0,0,0,0,0,0,0,0,0,0,0,0,0,0,0,0,0,0,0,0,c(-7074088.85537174, 5567212.3933736)
"Hospitals",1130,6,2021,0,0,0,0,0,0,0,0,0,0,0,0,0,0,0,0,0,0,0,0,0,0,0,0,0,c(-7320555.28415682, 5561353.2855544)
"Hospitals",1136,12,2018,0,0,0,0,0,0,0,0,0,0,0,0,0,0,0,0,0,0,0,0,0,0,0,0,0,c(-12670236.4984871, 6847415.61389549)
"Hospitals",1137,2,2018,0,0,0,0,0,0,0,0,0,0,0,0,0,0,0,0,0,0,0,0,0,0,0,0,0,c(-6788686.96526442, 5674093.00569187)
"Hospitals",1138,5,2019,0,0,0,0,0,0,0,0,0,0,0,0,0,0,0,0,0,0,0,0,0,0,0,0,0,c(-6961139.82534443, 5609077.23682167)
"Hospitals",1141,11,2019,0,0,0,0,0,0,0,0,0,0,0,0,0,0,0,0,0,0,0,0,0,0,0,0,0,c(-7160843.54092335, 5524792.11909425)
"Hospitals",1145,8,2021,0,0,0,0,0,0,0,0,0,0,0,0,0,0,0,0,0,0,0,0,0,0,0,0,0,c(-6672331.31391597, 5809757.67785325)
"Hospitals",1146,4,2019,0,0,0,0,0,0,0,0,0,0,0,0,0,0,0,0,0,0,0,0,0,0,0,0,0,c(-12593082.1060091, 7160616.73947113)
"Hospitals",1152,2,2018,0,0,0,0,0,0,0,0,0,0,0,0,0,0,0,0,0,0,0,0,0,0,0,0,0,c(-7137851.83593389, 5619398.64130447)
"Hospitals",1153,5,2020,0,0,0,0,0,0,0,0,0,0,0,0,0,0,0,0,0,0,0,0,0,0,0,0,0,c(-6703905.45664894, 5818047.31797924)
"Hospitals",1169,5,2021,0,0,0,0,0,0,0,0,0,0,0,0,0,0,0,0,0,0,0,0,0,0,0,0,0,c(-6824423.90592158, 5816795.90170437)
"Hospitals",1172,12,2021,0,0,0,0,0,0,0,0,0,0,0,0,0,0,0,0,0,0,0,0,0,0,0,0,0,c(-7078081.06174226, 5564709.8014107)
"Hospitals",1175,7,2018,0,0,0,0,0,0,0,0,0,0,0,0,0,0,0,0,0,0,0,0,0,0,0,0,0,c(-7046105.09460934, 5734240.63952983)
"Hospitals",1191,11,2018,0,0,0,0,0,0,0,0,0,0,0,0,0,0,0,0,0,0,0,0,0,0,0,0,0,c(-7028767.49580041, 5627893.9185919)
"Hospitals",1196,1,2021,0,0,0,0,0,0,0,0,0,0,0,0,0,0,0,0,0,0,0,0,0,0,0,0,0,c(-6688708.52608198, 5818915.36751145)
"Hospitals",1197,8,2021,0,0,0,0,0,0,0,0,0,0,0,0,0,0,0,0,0,0,0,0,0,0,0,0,0,c(-7086472.9928752, 5757350.70272991)
"Hospitals",1200,11,2021,0,0,0,0,0,0,0,0,0,0,0,0,0,0,0,0,0,0,0,0,0,0,0,0,0,c(-6705398.43469763, 5815400.10006907)
"Hospitals",1207,10,2021,0,0,0,0,0,0,0,0,0,0,0,0,0,0,0,0,0,0,0,0,0,0,0,0,0,c(-7077933.45209747, 5564980.61038596)
"Hospitals",1221,2,2021,0,0,0,0,0,0,0,0,0,0,0,0,0,0,0,0,0,0,0,0,0,0,0,0,0,c(-7078404.44486301, 5565928.74012773)
"Hospitals",1222,11,2018,0,0,0,0,0,0,0,0,0,0,0,0,0,0,0,0,0,0,0,0,0,0,0,0,0,c(-7077738.02071262, 5564774.23944703)
"Hospitals",1224,7,2020,0,0,0,0,0,0,0,0,0,0,0,0,0,0,0,0,0,0,0,0,0,0,0,0,0,c(-7077842.50407349, 5564776.91622694)
"Hospitals",1226,1,2019,0,0,0,0,0,0,0,0,0,0,0,0,0,0,0,0,0,0,0,0,0,0,0,0,0,c(-7202993.7755563, 5471270.92192426)
"Hospitals",1233,7,2020,0,0,0,0,0,0,0,0,0,0,0,0,0,0,0,0,0,0,0,0,0,0,0,0,0,c(-7270314.571572, 5426761.75794558)
"Hospitals",1236,1,2018,0,0,0,0,0,0,0,0,0,0,0,0,0,0,0,0,0,0,0,0,0,0,0,0,0,c(-6792170.41929812, 5880829.74033877)
"Hospitals",1246,12,2020,0,0,0,0,0,0,0,0,0,0,0,0,0,0,0,0,0,0,0,0,0,0,0,0,0,c(-7253243.1710614, 5603054.54192998)
"Hospitals",1247,2,2018,0,0,0,0,0,0,0,0,0,0,0,0,0,0,0,0,0,0,0,0,0,0,0,0,0,c(-7160734.33650288, 5686172.870199)
"Hospitals",1248,10,2018,0,0,0,0,0,0,0,0,0,0,0,0,0,0,0,0,0,0,0,0,0,0,0,0,0,c(-7181286.66409475, 5524930.93286372)
"Hospitals",1251,5,2021,0,0,0,0,0,0,0,0,0,0,0,0,0,0,0,0,0,0,0,0,0,0,0,0,0,c(-6899590.05437043, 5720926.93127783)
"Hospitals",1252,9,2020,0,0,0,0,0,0,0,0,0,0,0,0,0,0,0,0,0,0,0,0,0,0,0,0,0,c(-6899796.88598433, 5644821.86972194)
"Hospitals",1254,6,2019,0,0,0,0,0,0,0,0,0,0,0,0,0,0,0,0,0,0,0,0,0,0,0,0,0,c(-6815304.94719427, 5719197.56821931)
"Hospitals",1257,11,2021,0,0,0,0,0,0,0,0,0,0,0,0,0,0,0,0,0,0,0,0,0,0,0,0,0,c(-6982747.27246588, 5728679.51972304)
"Hospitals",1263,2,2021,0,0,0,0,0,0,0,0,0,0,0,0,0,0,0,0,0,0,0,0,0,0,0,0,0,c(-7078988.33785612, 5577758.83711153)
"Hospitals",1264,1,2021,0,0,0,0,0,0,0,0,0,0,0,0,0,0,0,0,0,0,0,0,0,0,0,0,0,c(-12702764.8329334, 6627664.00108501)
"Hospitals",1269,5,2018,0,0,0,0,0,0,0,0,0,0,0,0,0,0,0,0,0,0,0,0,0,0,0,0,0,c(-7074242.82135945, 5566753.27108265)
"Hospitals",1274,9,2018,0,0,0,0,0,0,0,0,0,0,0,0,0,0,0,0,0,0,0,0,0,0,0,0,0,c(-7030764.71218058, 5587460.58228539)
"Hospitals",1275,11,2020,0,0,0,0,0,0,0,0,0,0,0,0,0,0,0,0,0,0,0,0,0,0,0,0,0,c(-12717801.9254095, 6916627.82131899)
"Hospitals",1276,2,2019,0,0,0,0,0,0,0,0,0,0,0,0,0,0,0,0,0,0,0,0,0,0,0,0,0,c(-7180172.90145741, 5634763.61526858)
"Hospitals",1278,7,2021,0,0,0,0,0,0,0,0,0,0,0,0,0,0,0,0,0,0,0,0,0,0,0,0,0,c(-6763330.21090136, 5796431.18031599)
"Hospitals",1296,1,2019,0,0,0,0,0,0,0,0,0,0,0,0,0,0,0,0,0,0,0,0,0,0,0,0,0,c(-12792858.7024586, 6868867.04171964)
"Hospitals",1297,4,2018,0,0,0,0,0,0,0,0,0,0,0,0,0,0,0,0,0,0,0,0,0,0,0,0,0,c(-7360641.1656247, 5442358.46273852)
"Hospitals",1299,10,2020,0,0,0,0,0,0,0,0,0,0,0,0,0,0,0,0,0,0,0,0,0,0,0,0,0,c(-12454448.2296835, 8400529.63659369)
"Hospitals",1300,3,2021,0,0,0,0,0,0,0,0,0,0,0,0,0,0,0,0,0,0,0,0,0,0,0,0,0,c(-12888465.6697654, 8583821.47233503)
"Hospitals",1302,3,2019,0,0,0,0,0,0,0,0,0,0,0,0,0,0,0,0,0,0,0,0,0,0,0,0,0,c(-14882806.4448486, 10552701.7965123)
"Hospitals",1303,5,2021,0,0,0,0,0,0,0,0,0,0,0,0,0,0,0,0,0,0,0,0,0,0,0,0,0,c(-12735450.6844591, 8966084.89607287)
"Hospitals",1304,10,2021,0,0,0,0,0,0,0,0,0,0,0,0,0,0,0,0,0,0,0,0,0,0,0,0,0,c(-11694302.5302042, 10787355.5224899)
"Hospitals",1305,4,2019,0,0,0,0,0,0,0,0,0,0,0,0,0,0,0,0,0,0,0,0,0,0,0,0,0,c(-10251052.9017948, 9055040.31116096)
"Hospitals",1308,4,2020,0,0,0,0,0,0,0,0,0,0,0,0,0,0,0,0,0,0,0,0,0,0,0,0,0,c(-7626397.90406648, 9286545.93213936)
"Hospitals",1315,7,2018,0,0,0,0,0,0,0,0,0,0,0,0,0,0,0,0,0,0,0,0,0,0,0,0,0,c(-12701178.9754675, 6619493.56750009)
"Hospitals",1336,6,2018,0,0,0,0,0,0,0,0,0,0,0,0,0,0,0,0,0,0,0,0,0,0,0,0,0,c(-12634514.1852111, 7086772.4701078)
"Hospitals",1350,11,2018,0,0,0,0,0,0,0,0,0,0,0,0,0,0,0,0,0,0,0,0,0,0,0,0,0,c(-9003014.91355227, 5316854.19800136)
"Hospitals",1351,8,2018,0,0,0,0,0,0,0,0,0,0,0,0,0,0,0,0,0,0,0,0,0,0,0,0,0,c(-9095472.53335266, 5426880.47827975)
"Hospitals",1352,2,2020,0,0,0,0,0,0,0,0,0,0,0,0,0,0,0,0,0,0,0,0,0,0,0,0,0,c(-9094615.83970222, 5424654.00404656)
"Hospitals",1354,4,2019,0,0,0,0,0,0,0,0,0,0,0,0,0,0,0,0,0,0,0,0,0,0,0,0,0,c(-9386218.15086266, 5864324.028179)
"Hospitals",1356,4,2018,0,0,0,0,0,0,0,0,0,0,0,0,0,0,0,0,0,0,0,0,0,0,0,0,0,c(-13014831.2142538, 7500993.99682025)
"Hospitals",1368,3,2021,0,0,0,0,0,0,0,0,0,0,0,0,0,0,0,0,0,0,0,0,0,1,1,0,0,c(-8481375.78719666, 5657666.3639257)
"Hospitals",1448,11,2021,0,0,0,0,0,0,0,0,0,0,0,0,0,0,0,0,0,0,0,0,0,0,0,0,0,c(-8981928.89805765, 6235760.57909019)
"Hospitals",1452,4,2020,0,0,0,0,0,0,0,0,0,0,0,0,0,0,0,0,0,0,0,0,0,0,0,0,0,c(-12775107.0285398, 7417250.55255571)
"Hospitals",1461,7,2021,0,0,0,0,0,0,0,0,0,0,0,0,0,0,0,0,0,0,0,0,0,0,0,0,0,c(-12519549.2037333, 7193130.89451069)
"Hospitals",1462,1,2018,0,0,0,0,0,0,0,1,0,0,0,0,0,0,0,0,0,0,0,0,0,0,0,0,0,c(-8499568.17497955, 5691303.15746149)
"Hospitals",1473,11,2020,0,0,0,0,0,0,0,0,0,0,0,0,0,0,0,0,0,0,0,0,0,0,0,0,0,c(-10196599.1917614, 6233249.12859963)
"Hospitals",1513,2,2019,0,0,0,0,0,0,0,0,0,0,0,0,0,0,0,0,0,0,0,0,0,0,0,0,0,c(-12684983.2919951, 6600460.71070425)
"Hospitals",1544,10,2021,0,0,0,0,0,0,0,0,0,0,0,0,0,0,0,0,0,0,0,0,0,0,0,0,0,c(-12471546.1242329, 7074897.60656249)
"Hospitals",1550,8,2018,0,0,0,0,0,0,0,0,0,0,0,0,0,0,0,0,0,0,0,0,0,0,0,0,0,c(-8957851.66105372, 6197099.80801661)
"Hospitals",1562,2,2019,0,0,0,0,0,0,0,0,0,0,0,0,0,0,0,0,0,0,0,0,0,0,0,0,0,c(-12560238.269862, 6985642.10226211)
"Hospitals",1563,6,2018,0,0,0,0,0,0,0,0,0,0,0,0,0,0,0,0,0,0,0,0,0,0,0,0,0,c(-9231064.48993323, 5810425.21357063)
"Hospitals",1570,12,2021,0,0,0,0,0,0,0,0,0,0,0,0,0,0,0,0,0,0,0,0,0,0,0,0,0,c(-9171673.80501097, 5308527.41652478)
"Hospitals",1571,9,2020,0,0,0,0,0,0,0,0,0,0,0,0,0,0,0,0,0,0,0,0,0,0,0,0,0,c(-9144603.06444816, 5293460.09697796)
"Hospitals",1588,10,2021,0,0,0,0,0,0,0,0,0,0,0,0,0,0,0,0,0,0,0,0,0,0,0,0,0,c(-12388796.1907584, 7168043.72632015)
"Hospitals",1592,2,2019,0,0,0,0,0,0,0,0,0,0,0,0,0,0,0,0,0,0,0,0,0,0,0,0,0,c(-8936305.26154103, 5335184.24925087)
"Hospitals",1594,3,2018,0,0,0,0,0,0,0,0,0,0,0,0,0,0,0,0,0,0,0,0,0,0,0,0,0,c(-12914419.775648, 8048820.41458433)
"Hospitals",1611,7,2021,0,0,0,0,0,0,0,0,0,0,0,0,0,0,0,0,0,0,0,0,0,0,0,0,0,c(-8425014.50191627, 5557522.925518)
"Hospitals",1612,3,2018,0,0,0,0,0,0,0,0,0,1,0,0,0,0,0,0,0,0,0,0,0,0,0,0,0,c(-8424805.33704585, 5558360.54319571)
"Hospitals",1613,4,2021,0,0,0,0,0,0,0,0,0,0,0,0,0,0,0,0,0,0,0,0,0,0,0,0,0,c(-12548318.1676559, 6858917.42820158)
"Hospitals",1640,6,2020,0,0,0,0,0,0,0,0,0,0,0,0,0,0,0,0,0,0,0,0,0,0,0,0,0,c(-8942133.28216202, 5369764.61562679)
"Hospitals",1643,3,2021,0,0,0,0,0,0,0,0,0,0,0,0,0,0,0,0,0,0,0,0,0,0,0,0,0,c(-12622128.8899849, 6632070.11755781)
"Hospitals",1644,4,2018,0,0,0,0,0,0,0,0,0,0,0,0,0,0,0,0,0,0,0,0,0,0,0,0,0,c(-8659526.22371835, 5513915.45216965)
"Hospitals",1653,6,2021,0,0,0,0,0,0,0,0,0,0,0,0,0,0,0,0,0,0,0,0,0,0,0,0,0,c(-12648756.2895437, 7105131.3820693)
"Hospitals",1664,2,2019,0,0,0,0,0,0,0,0,0,0,0,0,0,0,0,0,0,0,0,0,0,0,0,0,0,c(-12761163.9283594, 6765445.57718938)
"Hospitals",1706,12,2018,0,0,0,0,0,0,0,0,0,0,0,0,0,0,0,0,0,0,0,0,0,0,0,0,0,c(-12846611.9902559, 7309154.11052327)
"Hospitals",1724,11,2021,0,0,0,0,0,0,0,0,0,0,0,0,0,0,0,0,0,0,0,0,0,0,0,0,0,c(-12486165.9912575, 6409126.70508232)
"Hospitals",1743,9,2018,0,0,0,0,0,0,0,0,0,0,0,0,0,0,0,0,0,0,0,0,0,0,0,0,0,c(-8475496.55960991, 5643743.90585929)
"Hospitals",1758,3,2020,0,0,0,0,0,0,0,0,0,0,0,0,0,0,0,0,0,0,0,0,0,0,0,0,0,c(-8836420.95412, 5414340.77272157)
"Hospitals",1809,4,2018,0,0,0,0,0,0,0,0,0,0,0,0,0,0,0,0,0,0,0,0,0,0,0,0,0,c(-8840831.52140082, 5410450.76299489)
"Hospitals",1810,5,2019,0,0,0,0,0,0,0,0,0,0,0,0,0,0,0,0,0,0,0,0,0,0,0,0,0,c(-8835007.58620514, 5422148.02932325)
"Hospitals",1811,5,2021,0,0,0,0,0,0,0,0,0,0,0,0,0,0,0,0,0,0,0,0,0,0,0,0,0,c(-8838652.64274363, 5412730.79178079)
"Hospitals",1812,11,2019,0,0,0,0,0,0,0,0,0,0,0,0,0,0,0,0,0,0,0,0,0,0,0,0,0,c(-8838704.2838554, 5412942.34890603)
"Hospitals",1845,4,2019,0,0,0,0,0,0,0,0,0,0,0,0,0,0,0,0,0,0,0,0,0,0,0,0,0,c(-12607053.2141733, 6747463.73200327)
"Hospitals",1858,7,2019,0,0,0,0,0,0,0,0,0,0,0,0,0,0,0,0,0,0,0,0,0,0,0,0,0,c(-12540263.0002465, 7052229.11206316)
"Hospitals",1869,11,2020,0,0,0,0,0,0,0,0,0,0,0,0,0,0,0,0,0,0,0,0,0,0,0,0,0,c(-12705256.1631373, 6632468.47222386)
"Hospitals",1917,7,2020,0,0,0,0,0,0,0,0,0,0,0,0,0,0,0,0,0,0,0,0,0,0,0,0,0,c(-12437928.7512082, 7116025.96894125)
"Hospitals",1930,10,2018,0,0,0,0,0,0,0,0,0,0,0,0,0,0,0,0,0,0,0,0,0,0,0,0,0,c(-12637492.5381872, 7079887.87025406)
"Hospitals",1941,4,2018,0,0,0,0,0,0,0,0,0,0,0,0,0,0,0,0,0,0,0,0,0,0,0,0,0,c(-12298499.0852388, 6683669.50430639)
"Hospitals",1942,9,2019,0,0,0,0,0,0,0,0,0,0,0,0,0,0,0,0,0,0,0,0,0,0,0,0,0,c(-13054815.6168739, 7374811.69551692)
"Hospitals",1967,12,2019,0,0,0,0,0,0,0,0,0,0,0,0,0,0,0,0,0,0,0,0,0,0,0,0,0,c(-9149756.93423291, 5221851.57624598)
"Hospitals",1968,4,2021,0,0,0,0,0,0,0,0,0,0,0,0,0,0,0,0,0,0,0,0,0,0,0,0,0,c(-9169038.13795525, 5251052.92444725)
"Hospitals",1969,5,2018,0,0,0,0,0,0,0,0,0,0,0,0,0,0,0,0,0,0,0,0,0,0,0,0,0,c(-12342334.6858304, 7048892.86558498)
"Hospitals",1980,9,2020,0,0,0,0,0,0,0,0,0,0,0,0,0,0,0,0,0,0,0,0,0,0,0,0,0,c(-12442896.8955546, 7001454.14138721)
"Hospitals",1982,1,2019,0,0,0,0,0,0,0,0,0,0,0,0,0,0,0,0,0,0,0,0,0,0,0,0,0,c(-9054026.78077761, 5306997.55545322)
"Hospitals",1984,6,2018,0,0,0,0,0,0,0,0,0,0,0,0,1,0,0,0,0,0,0,0,0,0,0,0,0,c(-8421559.03805533, 5684836.22667599)
"Hospitals",2002,9,2019,0,0,0,0,0,0,0,0,0,0,0,0,0,0,0,0,0,0,0,0,0,0,0,0,0,c(-12607911.9438572, 6515158.29061678)
"Hospitals",2015,9,2020,0,0,0,0,0,0,0,0,0,0,0,0,0,0,0,0,0,0,0,0,0,0,0,0,0,c(-12341531.3041973, 6953631.80922575)
"Hospitals",2027,5,2020,0,0,0,0,0,0,0,0,0,0,0,0,0,0,0,0,0,0,0,0,0,0,0,0,0,c(-12674086.8170347, 7197956.30912223)
"Hospitals",2039,4,2021,0,0,0,0,0,0,0,0,0,0,0,0,0,0,0,0,0,0,0,0,0,0,0,0,0,c(-8928202.42712567, 5543069.47959295)
"Hospitals",2046,6,2019,0,0,0,0,0,0,0,0,0,0,0,0,0,0,0,0,0,0,0,0,0,0,0,0,0,c(-12687876.4076372, 7083039.8508188)
"Hospitals",2063,5,2019,0,0,0,0,0,0,0,0,0,0,0,0,0,0,0,0,0,0,0,0,0,0,0,0,0,c(-12620062.1323188, 6980549.99381108)
"Hospitals",2068,5,2021,0,0,0,0,0,0,0,0,0,0,0,0,0,0,0,0,0,0,0,0,0,0,0,0,0,c(-12876819.2019996, 7195118.87981684)
"Hospitals",2077,7,2019,0,0,1,0,0,0,0,0,0,0,0,0,0,0,0,0,0,0,0,0,0,0,0,0,0,c(-8317604.44477294, 5626233.16585589)
"Hospitals",2092,2,2021,0,0,0,0,0,0,0,0,0,0,0,0,0,0,0,0,0,0,0,0,0,0,0,0,0,c(-8858582.7723056, 5431968.64910395)
"Hospitals",2116,9,2020,0,0,0,0,0,0,0,0,0,0,0,0,0,0,0,0,0,0,0,0,0,0,0,0,0,c(-12327442.4868036, 7220262.66703188)
"Hospitals",2120,12,2021,0,0,0,0,0,0,0,0,0,0,0,0,0,0,0,0,0,0,0,0,0,0,0,0,0,c(-13502280.9412493, 6734875.02638251)
"Hospitals",2126,10,2020,0,0,0,0,0,0,0,0,0,0,0,0,0,0,0,0,0,0,0,0,0,0,0,0,0,c(-8872524.80381881, 5397501.83316195)
"Hospitals",2153,11,2021,0,0,0,0,0,0,0,0,0,0,0,0,0,0,0,0,0,0,0,0,0,0,0,0,0,c(-8624477.96109099, 5794922.64877765)
"Hospitals",2180,11,2018,0,0,0,0,0,0,0,0,0,0,0,0,0,0,0,0,0,0,0,0,0,0,0,0,0,c(-8831662.87855838, 5422770.30060086)
"Hospitals",2195,9,2020,0,0,0,0,0,0,0,0,0,0,0,0,0,0,0,0,0,0,0,0,0,0,0,0,0,c(-10334750.2420595, 6406462.92394074)
"Hospitals",2197,3,2020,0,0,0,0,0,0,0,0,0,0,0,0,0,0,0,0,0,0,0,0,0,0,0,0,0,c(-12327686.4545996, 7220267.10795632)
"Hospitals",2250,5,2021,0,0,0,0,0,0,0,0,0,0,0,0,0,0,0,0,0,0,0,0,0,0,0,0,0,c(-10446451.7813452, 6212562.88268527)
"Hospitals",2258,10,2020,0,0,0,0,0,0,0,0,0,0,0,0,0,0,0,0,0,0,0,0,0,0,0,0,0,c(-8892153.50246361, 6077491.68788892)
"Hospitals",2266,2,2021,0,0,0,0,0,0,0,0,0,0,0,0,0,0,0,0,0,0,0,0,0,0,0,0,0,c(-9103800.57489025, 5820253.61266903)
"Hospitals",2369,9,2019,0,0,0,0,0,0,0,0,0,0,0,0,0,0,0,0,0,0,0,0,0,0,0,0,0,c(-9104734.6567375, 5263909.37225768)
"Hospitals",2388,2,2018,0,0,0,0,0,0,0,0,0,0,0,0,0,0,0,0,0,0,0,0,0,0,0,0,0,c(-12398697.948145, 6423023.6693792)
"Hospitals",2406,10,2019,0,0,0,0,0,0,0,0,0,0,0,0,0,0,0,0,0,0,0,0,0,0,0,0,0,c(-8898136.70245477, 5410637.23904895)
"Hospitals",2413,5,2021,0,0,0,0,0,0,0,0,0,0,0,0,0,0,0,0,0,0,0,0,0,0,0,0,0,c(-9679754.2953116, 6398389.09513196)
"Hospitals",2432,5,2018,0,0,0,0,0,0,0,0,0,0,0,0,0,0,0,0,0,0,0,0,0,0,0,0,0,c(-13613832.2660141, 6281972.7513889)
"Hospitals",2441,7,2019,0,0,0,0,0,0,0,0,0,0,0,0,0,1,0,0,0,0,0,0,0,0,0,0,0,c(-13615804.624752, 6281289.92487958)
"Hospitals",2452,10,2018,0,0,0,0,0,0,0,0,0,0,0,0,0,0,0,0,0,0,0,0,0,0,0,0,0,c(-8962519.23164294, 5381604.14353171)
"Hospitals",2473,2,2021,0,0,0,0,0,0,0,0,0,0,0,0,0,0,0,0,0,0,0,0,0,0,0,0,0,c(-9006955.84616534, 5554034.53676405)
"Hospitals",2474,4,2020,0,0,0,0,0,0,0,0,0,0,0,0,0,0,0,0,0,0,0,0,0,0,0,0,0,c(-9044590.4835779, 5619320.62218365)
"Hospitals",2476,8,2018,0,0,0,0,0,0,0,0,0,0,0,0,0,0,0,0,0,0,0,0,0,0,0,0,0,c(-8977936.11282578, 5514812.39457003)
"Hospitals",2477,1,2019,0,0,0,0,0,0,0,0,0,0,0,0,0,0,0,0,0,0,0,0,0,0,0,0,0,c(-8972336.93168201, 5559661.71769199)
"Hospitals",2478,6,2019,0,0,0,0,0,0,0,0,0,0,0,0,0,0,0,0,0,0,0,0,0,0,0,0,0,c(-9057629.02383994, 5542114.72701045)
"Hospitals",2479,3,2021,0,0,0,0,0,0,0,0,0,0,0,0,0,0,0,0,0,0,0,0,0,0,0,0,0,c(-9032314.42616805, 5580211.48420783)
"Hospitals",2488,11,2019,0,0,0,0,0,0,0,0,0,0,0,0,0,0,0,0,0,0,0,0,0,0,0,0,0,c(-8947088.09043333, 5419953.30964444)
"Hospitals",2493,12,2018,0,0,0,0,0,0,0,0,0,0,0,0,0,0,0,0,0,0,0,0,0,0,0,0,0,c(-8933784.0197899, 5397042.87076413)
"Hospitals",2501,12,2018,0,0,0,0,0,0,0,0,0,0,0,0,0,0,0,0,0,0,0,0,0,0,0,0,0,c(-8863807.3077031, 5297518.17569727)
"Hospitals",2505,4,2018,0,0,0,0,0,0,0,0,0,0,0,0,0,0,0,0,0,0,0,0,0,0,0,0,0,c(-8741854.62367705, 5627542.43609419)
"Hospitals",2506,7,2020,0,0,0,0,0,0,0,0,0,0,0,0,0,0,0,0,0,0,0,0,0,0,0,0,0,c(-8764370.88312133, 5609723.13660423)
"Hospitals",2513,11,2021,0,0,0,0,0,0,0,0,0,0,0,0,0,0,0,0,0,0,0,0,0,0,0,0,0,c(-8879576.99263492, 5380554.47840541)
"Hospitals",2515,11,2020,0,0,0,0,0,0,0,0,0,0,0,0,0,0,0,0,0,0,0,0,0,0,0,0,0,c(-8890916.96555988, 5387957.12579473)
"Hospitals",2521,8,2018,0,0,0,0,0,0,0,0,0,0,0,0,0,0,0,0,0,0,0,0,0,0,0,0,0,c(-8890032.82163621, 5350560.70113075)
"Hospitals",2523,10,2018,0,0,0,0,0,0,0,0,0,0,0,0,0,0,0,0,0,0,0,0,0,0,0,0,0,c(-8889342.71871693, 5351898.5384555)
"Hospitals",2524,6,2021,0,0,0,0,0,0,0,0,0,0,0,0,0,0,0,0,0,0,0,0,0,0,0,0,0,c(-8888460.94589841, 5348565.46823599)
"Hospitals",2526,9,2020,0,0,0,0,0,0,0,0,0,0,0,0,0,0,0,0,0,0,0,0,0,0,0,0,0,c(-8887427.82198701, 5349360.13425532)
"Hospitals",2527,12,2021,0,0,0,0,0,0,0,0,0,0,0,0,0,0,0,0,0,0,0,0,0,0,0,0,0,c(-8894169.43276338, 5351648.79269458)
"Hospitals",2541,12,2018,0,0,0,0,0,0,0,0,0,0,0,0,0,0,0,0,0,0,0,0,0,0,0,0,0,c(-9020144.20019809, 5487360.84586188)
"Hospitals",2550,4,2020,0,0,0,0,0,0,0,0,0,0,0,0,0,0,0,0,0,0,0,0,0,0,0,0,0,c(-12557058.3061561, 7282382.73461259)
"Hospitals",2566,12,2020,0,0,0,0,0,0,0,0,0,0,0,0,0,0,0,0,0,0,0,0,0,0,0,0,0,c(-8913601.31743526, 5453148.99728313)
"Hospitals",2570,6,2018,0,0,0,0,0,0,0,0,0,0,0,0,0,0,0,0,0,0,0,0,0,0,0,0,0,c(-9016465.04649957, 5855655.81424931)
"Hospitals",2571,2,2021,0,0,0,0,0,0,0,0,0,0,0,0,0,0,0,0,0,0,0,0,0,0,0,0,0,c(-9016008.02433012, 5859519.38645882)
"Hospitals",2619,3,2019,0,0,0,0,0,0,0,0,0,0,0,0,0,0,0,0,0,0,0,0,0,0,0,0,0,c(-8835893.34426144, 5421914.00493765)
"Hospitals",2623,8,2021,0,0,0,0,0,0,0,0,0,0,0,0,0,0,0,0,0,0,0,0,0,0,0,0,0,c(-8934140.52045916, 5397199.1378546)
"Hospitals",2628,3,2019,0,0,0,0,0,0,0,0,0,0,0,0,0,0,0,0,0,0,0,0,0,0,0,0,0,c(-9437005.08035893, 6311051.14236734)
"Hospitals",2640,5,2018,0,0,0,0,0,0,0,0,0,0,0,0,0,0,0,0,0,0,0,0,0,0,0,0,0,c(-12633203.7321654, 7085642.99056299)
"Hospitals",2650,8,2018,0,0,0,0,0,0,0,0,0,0,0,0,0,0,0,0,0,0,0,0,0,0,0,0,0,c(-8837369.06222309, 5412572.21558916)
"Hospitals",2653,9,2021,0,0,0,0,0,0,0,0,0,0,0,0,0,0,0,0,0,0,0,0,0,0,0,0,0,c(-8514386.11277413, 5501245.72707899)
"Hospitals",2654,10,2020,0,0,0,0,0,0,0,0,0,0,0,0,0,0,0,0,0,1,0,0,0,0,0,0,0,c(-8319176.49862192, 5623871.74303122)
"Hospitals",2655,10,2021,0,0,0,0,0,0,0,0,0,0,0,0,0,0,0,0,0,0,0,0,0,0,0,0,0,c(-8821278.77604459, 5330583.69656183)
"Hospitals",2666,8,2019,0,0,0,0,0,0,0,0,0,0,0,0,0,0,0,0,0,0,0,0,0,0,0,0,0,c(-8848716.67277832, 5422794.2979862)
"Hospitals",2667,2,2021,0,0,0,0,0,0,0,0,0,0,0,0,0,0,0,0,0,0,0,0,0,0,0,0,0,c(-8852837.57338576, 5427529.22384904)
"Hospitals",2669,7,2020,0,0,0,0,0,0,0,0,0,0,0,0,0,0,0,0,0,0,0,0,0,0,0,0,0,c(-8851004.0300529, 5420466.20146328)
"Hospitals",2670,12,2019,0,0,0,0,0,0,0,0,0,0,0,0,0,0,0,0,0,0,0,0,0,0,0,0,0,c(-8846988.66922829, 5418742.95419577)
"Hospitals",2679,7,2019,0,0,0,0,0,0,0,0,0,0,0,0,0,0,0,0,0,0,0,0,0,0,0,0,0,c(-9016375.70147627, 5368179.72843455)
"Hospitals",2680,4,2018,0,0,0,0,0,0,0,0,0,0,0,0,0,0,0,0,0,0,0,0,0,0,0,0,0,c(-9077239.97815791, 5407107.46218083)
"Hospitals",2681,3,2021,0,0,0,0,0,0,0,0,0,0,0,0,0,0,0,0,0,0,0,0,0,0,0,0,0,c(-9059750.3280565, 5396241.91469285)
"Hospitals",2683,7,2018,0,0,0,0,0,0,0,0,0,0,0,0,0,0,0,0,0,0,0,0,0,0,0,0,0,c(-9033788.00679547, 5351477.53268004)
"Hospitals",2686,11,2018,0,0,0,0,0,0,0,0,0,0,0,0,0,0,0,0,0,0,0,0,0,0,0,0,0,c(-8895937.47459466, 5581024.54168368)
"Hospitals",2693,7,2021,0,0,0,0,0,0,0,0,0,0,0,0,0,0,0,0,0,0,0,0,0,0,0,0,0,c(-8305275.25457013, 5716399.12938311)
"Hospitals",2694,3,2019,0,0,0,0,0,0,0,0,0,0,0,0,0,0,0,0,0,0,0,0,0,1,1,0,0,c(-8309339.19522052, 5669804.1528464)
"Hospitals",2695,12,2018,0,0,0,0,0,0,0,0,0,0,0,0,0,0,0,0,0,0,1,0,0,0,0,0,0,c(-8358547.48965951, 5670862.87463694)
"Hospitals",2696,7,2020,0,0,0,0,0,0,0,0,0,0,0,0,0,1,1,0,0,0,0,0,0,0,0,0,0,c(-8420121.50267903, 5692007.52661686)
"Hospitals",2698,12,2020,0,0,0,0,0,0,0,0,0,0,0,0,0,0,0,0,0,0,1,1,0,0,0,0,0,c(-8426552.77475257, 5689778.43585103)
"Hospitals",2700,7,2019,0,0,0,0,0,0,0,0,0,0,0,0,0,0,0,0,0,0,0,0,0,0,0,0,0,c(-9243078.6237132, 5207324.32694692)
"Hospitals",2732,8,2019,0,0,0,0,0,0,0,0,0,0,0,0,0,0,0,0,0,0,0,0,0,0,0,0,0,c(-9175620.45944586, 6968718.38589228)
"Hospitals",2733,1,2018,0,0,0,0,0,0,0,0,0,0,0,0,0,0,0,0,0,0,0,0,0,0,0,0,0,c(-9093121.47349947, 6837584.2844155)
"Hospitals",2747,3,2020,0,0,0,0,0,0,0,0,0,0,0,0,0,0,0,0,0,0,0,0,0,0,0,0,0,c(-8883587.02236911, 5360370.57740401)
"Hospitals",2752,9,2019,0,0,0,0,0,0,0,0,0,0,0,0,0,0,0,0,0,0,0,0,0,0,0,0,0,c(-8974110.99367135, 6672753.8373699)
"Hospitals",2761,9,2018,0,0,0,0,0,0,0,0,0,0,0,0,0,0,0,1,0,0,0,0,0,0,0,0,0,c(-8420356.3645407, 5623082.99172373)
"Hospitals",2787,1,2018,0,0,0,0,0,0,0,1,0,0,0,0,0,0,0,0,0,0,0,0,0,0,0,0,0,c(-8515138.33196927, 5500216.50590116)
"Hospitals",2798,10,2018,0,0,0,0,0,0,0,0,0,0,0,0,0,0,0,0,0,0,0,0,0,0,0,0,0,c(-8907195.65997655, 6132421.52012796)
"Hospitals",2805,11,2021,0,0,0,0,0,0,0,0,0,0,0,0,0,0,0,0,0,0,0,0,0,0,0,0,0,c(-12455646.5840019, 6545170.5463551)
"Hospitals",2812,4,2021,0,0,0,0,0,0,0,0,0,0,0,0,0,0,0,0,0,0,0,0,0,0,0,0,0,c(-9436784.11116971, 6106999.24037179)
"Hospitals",2813,2,2020,0,0,0,0,0,0,0,0,0,0,0,0,0,0,0,0,0,0,0,0,0,0,0,0,0,c(-9019275.57421143, 6286879.65396988)
"Hospitals",2814,10,2019,0,0,0,0,0,0,0,0,0,0,0,0,0,0,0,0,0,0,0,0,0,0,0,0,0,c(-10519626.2793884, 6406040.64115182)
"Hospitals",2820,2,2019,0,0,0,0,0,0,0,0,0,0,0,0,0,0,0,0,0,0,0,0,0,0,0,0,0,c(-8758521.28878302, 5451392.91110045)
"Hospitals",2821,11,2019,0,0,0,0,0,0,0,0,0,0,0,0,0,0,0,0,0,0,0,0,0,0,0,0,0,c(-8779699.66605916, 5450839.60635836)
"Hospitals",2823,10,2020,0,0,0,0,0,0,0,0,0,0,0,0,0,0,0,0,0,0,0,0,0,0,0,0,0,c(-8789212.4731449, 5481688.21630764)
"Hospitals",2824,11,2019,0,0,0,0,0,0,0,0,0,0,0,0,0,0,0,0,0,0,0,0,0,0,0,0,0,c(-8788043.06189411, 5443185.29023869)
"Hospitals",2825,11,2021,0,0,0,0,0,0,0,0,0,0,0,0,0,0,0,0,0,0,0,0,0,0,0,0,0,c(-8796210.12765565, 5440410.7616967)
"Hospitals",2829,8,2019,0,0,0,0,0,0,0,0,0,0,0,0,0,0,0,0,0,0,0,0,0,0,0,0,0,c(-13112987.4869553, 6487644.79069649)
"Hospitals",2851,2,2021,0,0,0,0,0,0,0,0,0,0,0,0,0,0,0,0,0,0,0,0,0,0,0,0,0,c(-13500845.9662213, 6574511.34614676)
"Hospitals",2859,8,2018,0,0,0,0,0,0,0,0,0,0,0,0,0,0,0,0,0,0,0,0,0,0,0,0,0,c(-10396410.2861211, 6208272.25837915)
"Hospitals",2868,12,2021,0,0,0,0,0,0,0,0,0,0,0,0,0,0,0,0,0,0,0,0,0,0,0,0,0,c(-9196634.79632036, 5168218.64708617)
"Hospitals",2874,6,2021,0,0,0,0,0,0,0,0,0,0,0,0,0,0,0,0,0,0,0,0,0,0,0,0,0,c(-8567930.47615112, 5502662.05099186)
"Hospitals",2890,4,2018,0,0,0,0,0,0,0,0,0,0,0,0,0,0,0,0,0,0,0,0,0,0,0,0,0,c(-9011194.8812428, 5424271.27779894)
"Hospitals",2891,10,2018,0,0,0,0,0,0,0,0,0,0,0,0,0,0,0,0,0,0,0,0,0,0,0,0,0,c(-9051020.21944248, 5447631.99084916)
"Hospitals",2901,5,2019,0,0,0,0,0,0,0,0,0,0,0,0,0,0,0,0,0,0,0,0,0,0,0,0,0,c(-9041973.50706469, 5305889.83078153)
"Hospitals",2902,3,2018,0,0,0,0,0,0,0,0,0,0,0,0,0,0,0,0,0,0,0,0,0,0,0,0,0,c(-9044834.01722791, 5309964.34902589)
"Hospitals",2903,5,2021,0,0,0,0,0,0,0,0,0,0,0,0,0,0,0,0,0,0,0,0,0,0,0,0,0,c(-9047440.62989653, 5313867.51265174)
"Hospitals",2930,3,2020,0,0,0,0,0,0,0,0,0,0,0,0,0,0,0,0,0,0,0,0,0,0,0,0,0,c(-8844376.50171708, 5445431.02475057)
"Hospitals",2949,1,2018,0,0,0,0,0,0,0,0,0,0,0,0,0,0,0,0,0,0,0,0,0,0,0,0,0,c(-9120029.62081402, 5776912.02819473)
"Hospitals",2950,11,2019,0,0,0,0,0,0,0,0,0,0,0,0,0,0,0,0,0,0,0,0,0,0,0,0,0,c(-9146843.16659891, 5738455.19545777)
"Hospitals",2952,2,2021,0,0,0,0,0,0,0,0,0,0,0,0,0,0,0,0,0,0,0,0,0,0,0,0,0,c(-9553909.18057463, 6296472.36805653)
"Hospitals",2998,1,2019,0,0,0,0,0,0,0,0,0,0,0,0,0,0,0,0,0,0,0,0,0,0,0,0,0,c(-8820062.66626742, 5447507.50279495)
"Hospitals",2999,12,2021,0,0,0,0,0,0,0,0,0,0,0,0,0,0,0,0,0,0,0,0,0,0,0,0,0,c(-8808422.43239313, 5481382.35388398)
"Hospitals",3007,1,2018,0,0,0,0,0,0,0,0,0,0,0,0,0,0,0,0,0,0,0,0,0,0,0,0,0,c(-8957849.03391374, 6197071.09139707)
"Hospitals",3049,9,2018,0,0,0,0,0,0,0,0,0,0,0,0,0,0,0,0,0,0,0,0,0,0,0,0,0,c(-12840775.7319926, 6637762.63478488)
"Hospitals",3079,8,2021,0,0,0,0,0,0,0,0,0,0,0,0,0,0,0,0,0,0,0,0,0,0,0,0,0,c(-8837687.07974438, 5412593.12607227)
"Hospitals",3089,8,2020,0,0,0,0,0,0,0,0,0,0,0,0,0,0,0,0,0,0,0,0,0,0,0,0,0,c(-8829230.49425119, 5629015.41126611)
"Hospitals",3099,2,2019,0,0,0,0,0,0,0,0,1,0,0,0,0,0,0,0,0,0,0,0,0,0,0,0,0,c(-13706256.0524817, 6316303.06286121)
"Hospitals",3116,4,2020,0,0,0,0,0,0,0,0,0,0,0,0,0,0,0,0,0,0,0,0,0,0,0,0,0,c(-8785792.68272798, 5298655.79543763)
"Hospitals",3117,1,2018,0,0,0,0,0,0,0,0,0,0,0,0,0,0,0,0,0,0,0,0,0,0,0,0,0,c(-8804198.85959294, 5326325.17248063)
"Hospitals",3118,7,2020,0,0,0,0,0,0,0,0,0,0,0,0,0,0,0,0,0,0,0,0,0,0,0,0,0,c(-8801599.87230944, 5350594.78474454)
"Hospitals",3119,1,2021,0,0,0,0,0,0,0,0,0,0,0,0,0,0,0,0,0,0,0,0,0,0,0,0,0,c(-8823037.72418667, 5293679.47212646)
"Hospitals",3120,4,2018,0,0,0,0,0,0,0,0,0,0,0,0,0,0,0,0,0,0,0,0,0,0,0,0,0,c(-8825262.62232135, 5335368.73117427)
"Hospitals",3121,9,2021,0,0,0,0,0,0,0,0,0,0,0,0,0,0,0,0,0,0,0,0,0,0,0,0,0,c(-8825242.25085454, 5335390.24667344)
"Hospitals",3135,12,2018,0,0,0,0,0,0,0,0,0,0,0,0,0,0,0,0,0,0,0,0,0,0,0,0,0,c(-9826828.83844319, 6277504.6438307)
"Hospitals",3145,5,2019,0,0,0,0,0,0,0,0,0,0,0,0,0,0,0,0,0,0,0,0,0,0,0,0,0,c(-8940572.73874838, 5286954.30641868)
"Hospitals",3147,4,2020,0,0,0,0,0,0,0,0,0,0,1,0,0,0,0,0,0,0,0,0,0,0,0,0,0,c(-8846130.81896834, 5831730.18900623)
"Hospitals",3152,2,2020,0,0,0,0,0,0,0,0,1,0,0,0,0,0,0,0,0,0,0,0,0,0,0,0,0,c(-8849717.95597576, 5834295.5239304)
"Hospitals",3167,4,2020,0,0,0,0,0,0,0,0,0,0,0,0,0,0,0,0,0,0,0,0,0,0,0,0,0,c(-9696439.85690114, 6237690.88171511)
"Hospitals",3177,9,2018,0,0,0,0,0,0,0,0,0,0,0,0,0,0,0,0,0,0,0,0,0,0,0,0,0,c(-9354796.0082152, 5827470.446276)
"Hospitals",3183,11,2021,0,0,0,0,0,0,0,0,0,0,0,0,0,0,0,0,0,0,0,0,0,0,0,0,0,c(-8987659.29148522, 5461515.39408389)
"Hospitals",3187,6,2021,0,0,0,0,0,0,0,0,0,0,0,0,0,0,0,0,0,0,0,0,0,0,0,0,0,c(-8844126.05512669, 5430296.09871322)
"Hospitals",3188,9,2018,0,0,0,0,0,0,0,0,0,0,0,0,0,0,0,0,0,0,0,0,0,0,0,0,0,c(-8834671.73530142, 5429848.46856244)
"Hospitals",3204,12,2020,0,0,0,0,0,0,0,0,0,0,0,0,0,0,0,0,0,0,0,0,0,0,0,0,0,c(-8705010.18766988, 5461999.28056998)
"Hospitals",3214,1,2020,0,0,0,0,0,0,0,0,0,0,0,0,0,0,0,0,0,0,0,0,0,0,0,0,0,c(-9315109.23606488, 6392027.32870925)
"Hospitals",3230,11,2021,0,0,0,0,0,0,0,0,0,0,0,0,0,0,0,0,0,0,0,0,0,0,0,0,0,c(-8836324.88539944, 5422315.10301519)
"Hospitals",3241,12,2019,0,0,0,0,0,0,0,1,0,0,0,0,0,0,0,0,0,0,0,0,0,0,0,0,0,c(-8518597.90797219, 5500743.29694951)
"Hospitals",3253,7,2020,0,0,0,0,0,0,0,0,0,0,0,0,0,0,0,0,0,0,0,0,0,0,0,0,0,c(-8788449.04407704, 5442111.34432344)
"Hospitals",3260,1,2020,0,0,0,0,0,0,0,0,0,0,0,0,0,0,0,0,0,0,0,0,0,0,0,0,0,c(-8841617.90454768, 5559563.61967403)
"Hospitals",3323,10,2018,0,0,0,0,0,0,0,0,0,0,0,0,0,0,0,0,1,0,0,0,0,0,0,0,0,c(-8583489.65703904, 5750611.43578325)
"Hospitals",3341,2,2018,0,0,0,0,0,0,0,0,0,0,0,0,0,0,0,0,0,0,0,0,0,0,0,0,0,c(-8475838.64440512, 5606805.48542965)
"Hospitals",3342,7,2018,0,0,0,0,0,0,0,0,0,0,0,0,0,0,0,0,0,0,0,0,0,0,0,0,0,c(-8488445.79937644, 5606763.83465156)
"Hospitals",3351,1,2019,0,0,0,0,0,0,0,0,0,0,0,0,0,0,0,0,0,0,0,0,0,0,0,0,0,c(-8721586.13852281, 5512023.26445577)
"Hospitals",3417,7,2021,0,0,0,0,0,0,0,0,0,0,0,0,0,0,0,0,0,0,0,0,0,0,0,0,0,c(-8519131.02814555, 5498931.13634283)
"Hospitals",3436,9,2018,0,0,0,0,0,0,0,0,0,0,0,0,0,0,0,1,0,0,0,0,0,0,0,0,0,c(-8438794.87971774, 5674419.72439312)
"Hospitals",3441,1,2020,0,0,0,0,0,0,0,0,0,0,0,0,0,0,0,0,0,0,0,0,0,0,0,0,0,c(-8667804.4085956, 5630196.24653055)
"Hospitals",3443,2,2021,0,0,0,0,0,0,0,0,0,0,0,0,0,0,0,0,0,0,0,0,0,0,0,0,0,c(-8612157.06419024, 5490655.84025823)
"Hospitals",3444,12,2019,0,0,0,0,0,0,0,0,0,0,0,0,0,0,0,0,0,0,0,0,0,0,0,0,0,c(-8586911.9744084, 5467897.99749484)
"Hospitals",3445,9,2019,0,0,0,0,0,0,0,0,0,0,0,0,0,0,0,0,0,0,0,0,0,0,0,0,0,c(-8637083.66890893, 5480914.8676221)
"Hospitals",3448,6,2021,0,0,0,0,0,0,0,0,0,0,0,0,0,0,0,0,0,0,0,0,0,0,0,0,0,c(-8779806.68861761, 5451000.97445661)
"Hospitals",3459,4,2019,0,0,0,0,0,0,0,0,0,0,0,0,0,0,0,0,0,0,0,0,0,0,0,0,0,c(-10444265.6780531, 6623639.89926424)
"Hospitals",3474,9,2019,0,0,0,0,0,0,0,0,0,0,0,0,0,0,0,1,0,0,0,0,0,0,0,0,0,c(-13187823.9293363, 6279876.88197766)
"Hospitals",3480,11,2020,0,0,0,0,0,0,0,0,0,0,0,0,0,0,0,0,0,0,0,0,0,0,0,0,0,c(-9039725.89975388, 5312571.84834599)
"Hospitals",3491,5,2020,0,0,0,0,0,0,0,0,0,0,0,1,1,0,0,0,0,0,0,0,0,0,0,0,0,c(-8537840.09421301, 5697823.14155275)
"Hospitals",3528,9,2020,0,0,0,0,0,0,0,0,0,0,0,0,0,0,0,0,0,0,0,0,0,0,0,0,0,c(-13706265.6259579, 6316410.65833639)
"Hospitals",3554,6,2018,0,0,0,0,0,0,0,0,0,0,0,0,0,0,0,0,0,0,0,0,0,0,0,0,0,c(-8766656.95131621, 5520329.67820927)
"Hospitals",3556,12,2020,0,0,0,0,0,0,0,0,0,0,0,0,0,0,0,0,0,0,0,0,0,0,0,0,0,c(-8817062.78410172, 5431576.64413824)
"Hospitals",3560,12,2021,0,0,0,0,0,0,0,0,0,0,0,0,0,0,0,0,0,0,0,0,0,0,0,0,0,c(-8422926.9319582, 5559085.96594966)
"Hospitals",3561,4,2021,0,0,0,0,0,0,0,0,0,0,0,0,0,0,0,0,0,0,0,0,0,0,1,1,0,c(-8430242.44814297, 5682971.77231621)
"Hospitals",3577,7,2020,0,0,0,0,0,0,0,0,0,0,0,0,0,0,0,0,0,0,0,0,0,0,0,0,0,c(-12613139.6184644, 6309197.3027436)
"Hospitals",3593,5,2018,0,0,0,0,0,0,0,0,0,0,0,0,0,0,0,0,0,0,0,0,0,0,0,0,0,c(-9385475.32146657, 5868737.42607449)
"Hospitals",3633,8,2021,0,0,0,0,0,0,0,0,0,0,0,0,0,0,0,0,0,0,0,0,0,0,0,0,0,c(-9175796.34424131, 6347389.50424278)
"Hospitals",3645,9,2020,0,0,0,0,0,0,0,0,0,0,0,0,0,0,0,0,0,0,0,0,0,0,0,0,0,c(-14155767.3845702, 7320254.36501315)
"Hospitals",3668,6,2020,0,0,0,0,0,0,0,0,0,0,0,0,0,0,0,0,0,0,0,0,0,0,0,0,0,c(-13694054.7461099, 6317299.23467457)
"Hospitals",3675,9,2019,0,0,0,0,0,0,0,0,0,0,0,0,0,0,0,0,0,0,0,0,0,0,0,0,0,c(-8839239.3855157, 5437736.52158712)
"Hospitals",3684,1,2019,0,0,0,0,0,0,0,0,0,0,0,0,0,0,0,0,0,0,0,0,0,0,0,0,0,c(-10233248.7184721, 6464394.73869013)
"Hospitals",3685,2,2018,0,0,0,0,0,0,0,0,0,0,0,0,0,0,0,0,0,0,0,0,0,0,0,0,0,c(-10232953.8442729, 6464038.16740536)
"Hospitals",3694,3,2019,0,0,0,0,0,0,0,0,0,0,0,0,0,0,0,0,0,0,0,0,0,0,0,0,0,c(-9084813.14330412, 6321189.38627493)
"Hospitals",3704,10,2019,0,0,0,0,0,0,0,0,0,0,0,0,0,0,0,0,0,0,0,0,0,0,0,0,0,c(-9033896.19820857, 5484485.91273789)
"Hospitals",3705,9,2021,0,0,0,0,0,0,0,0,0,0,0,0,0,0,0,0,0,0,0,0,0,0,0,0,0,c(-9027257.2930208, 5511751.30413037)
"Hospitals",3707,1,2019,0,0,0,0,0,0,0,0,0,0,0,0,0,0,0,0,0,0,0,0,0,0,0,0,0,c(-8997796.92374083, 5493319.16790117)
"Hospitals",3708,7,2020,0,0,0,0,0,0,0,0,0,0,0,0,0,0,0,0,0,0,0,0,0,0,0,0,0,c(-9086506.35728688, 5494740.80083383)
"Hospitals",3717,1,2021,0,0,0,0,0,0,0,0,0,0,0,0,0,0,0,0,0,0,0,0,0,0,0,0,0,c(-9070403.89275609, 5364394.07736338)
"Hospitals",3718,6,2018,0,0,0,0,0,0,0,0,0,0,0,0,0,0,0,0,0,0,0,0,0,0,0,0,0,c(-8829234.05647489, 5629051.33511711)
"Hospitals",3736,12,2019,0,0,0,0,0,0,0,0,0,0,0,0,0,0,0,0,0,0,0,0,0,0,0,0,0,c(-8844588.76572213, 5474767.10821557)
"Hospitals",3757,12,2021,0,0,0,0,0,0,0,0,0,0,0,0,0,0,0,0,0,0,0,0,0,0,0,0,0,c(-13941961.4932586, 6447979.09079558)
"Hospitals",3761,3,2018,0,0,0,0,0,0,0,0,0,0,0,0,0,0,0,0,0,0,0,0,0,0,0,0,0,c(-8648934.10737768, 5697757.42583744)
"Hospitals",3768,6,2020,0,0,0,0,0,0,0,0,0,0,0,0,0,0,0,0,0,0,0,0,0,0,0,0,0,c(-8839219.16989617, 5432622.99408955)
"Hospitals",3772,9,2018,0,0,0,0,0,0,0,0,0,0,0,0,0,0,0,0,0,0,0,0,0,0,0,0,0,c(-9932222.97085272, 6180043.96718598)
"Hospitals",3775,8,2021,0,0,0,0,0,0,0,0,0,0,0,0,0,0,0,0,0,0,0,0,0,0,0,0,0,c(-9013272.15526116, 5855536.90581627)
"Hospitals",3776,2,2020,0,0,0,0,0,0,0,0,0,0,0,0,0,0,0,0,0,0,0,0,0,0,0,0,0,c(-9201771.96818149, 5842234.90982606)
"Hospitals",3778,6,2018,0,0,0,0,0,0,0,0,0,0,0,0,0,0,0,0,0,0,0,0,0,0,0,0,0,c(-9041955.88518929, 5305188.54800649)
"Hospitals",3781,5,2019,0,0,0,0,0,0,0,0,0,0,0,0,0,0,0,0,0,0,0,0,0,0,0,0,0,c(-8844368.49784569, 5409996.38758596)
"Hospitals",3783,5,2021,0,0,0,0,0,0,0,0,0,0,0,0,0,0,0,0,0,0,0,0,0,0,0,0,0,c(-8892658.22503487, 5348641.93381487)
"Hospitals",3784,10,2021,0,0,0,0,0,0,0,0,0,0,0,0,0,0,0,0,0,0,0,0,0,0,0,0,0,c(-8892658.22503487, 5348641.93381487)
"Hospitals",3785,7,2021,0,0,0,0,0,0,0,0,0,0,0,0,0,0,0,0,0,0,0,0,0,0,0,0,0,c(-8891151.8608174, 5350709.55267909)
"Hospitals",3786,5,2021,0,0,0,0,0,0,0,0,0,0,0,0,0,0,0,0,0,0,0,0,0,0,0,0,0,c(-8880499.56182042, 5345608.19451528)
"Hospitals",3789,9,2019,0,0,0,0,0,0,0,0,0,0,0,0,0,0,0,0,0,0,0,0,0,0,0,0,0,c(-9045081.21328916, 5312014.48111875)
"Hospitals",3805,9,2019,0,0,0,0,0,0,0,0,0,0,0,0,0,0,0,0,0,0,0,0,0,0,0,0,0,c(-8961307.78615243, 5378923.52901658)
"Hospitals",3810,1,2018,0,0,0,0,0,0,0,0,0,0,0,0,0,0,0,0,0,0,0,0,0,0,0,0,0,c(-8836281.8715482, 5412039.96048387)
"Hospitals",3816,2,2019,0,0,0,0,0,0,0,0,0,0,0,0,0,0,0,0,0,0,0,0,0,0,0,0,0,c(-9037003.39236339, 5275948.83975662)
"Hospitals",3819,1,2019,0,0,0,0,0,0,0,0,0,0,0,0,0,0,0,0,0,0,0,0,0,0,0,0,0,c(-8891657.79677111, 5489576.26518574)
"Hospitals",3835,11,2021,0,0,0,0,0,0,0,0,0,0,0,0,0,0,0,0,0,0,0,0,0,0,0,0,0,c(-9087532.83431148, 5306028.1313776)
"Hospitals",3854,5,2020,0,0,0,0,0,0,0,0,0,0,0,0,0,0,0,0,0,0,0,0,0,0,0,0,0,c(-8836801.2326325, 5413748.6769355)
"Hospitals",3855,12,2020,0,0,0,0,0,0,0,0,0,0,0,0,0,0,0,0,0,0,0,0,0,0,0,0,0,c(-8837403.34862625, 5413239.40489011)
"Hospitals",3895,3,2020,0,0,0,0,0,0,0,0,0,0,0,0,0,0,0,0,0,0,0,0,0,0,0,0,0,c(-8871401.21167044, 6023274.98099243)
"Hospitals",3905,5,2018,0,0,0,0,0,0,0,0,0,0,0,0,0,0,0,0,0,0,0,0,0,0,0,0,0,c(-13596977.7158716, 6825020.06227953)
"Hospitals",3975,1,2021,0,0,0,0,0,0,0,0,0,0,0,0,0,0,0,0,0,0,0,1,1,0,0,0,0,c(-8420978.86313322, 5684987.38223665)
"Hospitals",3976,3,2018,0,0,0,0,0,0,0,0,0,1,0,0,0,0,0,0,0,0,0,0,0,0,0,0,0,c(-8423418.4854337, 5684136.74924296)
"Hospitals",3977,8,2021,0,0,0,0,0,0,0,0,0,0,0,0,0,0,0,0,0,0,0,0,0,0,0,0,0,c(-8421146.20972373, 5685214.8338311)
"Hospitals",3979,3,2018,0,0,0,0,0,0,0,0,0,1,0,0,0,0,0,0,0,0,0,0,0,0,0,0,0,c(-8429271.66425961, 5683538.16003709)
"Hospitals",3992,4,2019,0,0,0,0,0,0,0,0,0,0,0,0,0,0,0,0,0,0,0,0,0,0,0,0,0,c(-8867925.59452889, 5530046.44487823)
"Hospitals",3999,3,2018,0,0,0,0,0,0,0,0,0,0,0,0,0,0,0,0,0,0,0,0,0,0,0,0,0,c(-8821716.92956035, 5427718.98887063)
"Hospitals",4000,3,2021,0,0,0,0,0,0,0,0,0,0,0,0,0,0,0,0,0,0,0,0,0,0,0,0,0,c(-8828610.41129162, 5434825.77472952)
"Hospitals",4007,7,2018,0,0,0,0,0,0,0,0,0,0,0,0,0,1,0,0,0,0,0,0,0,0,0,0,0,c(-8429187.70709965, 5683789.00462816)
"Hospitals",4044,7,2020,0,0,0,0,0,0,0,0,0,0,0,0,0,0,0,0,0,0,0,0,0,0,0,0,0,c(-9302130.78606397, 5822599.10531122)
"Hospitals",4053,12,2019,0,0,0,0,0,0,0,0,0,0,0,0,0,0,0,0,0,0,0,0,0,0,0,0,0,c(-9937390.42161535, 6177805.10008786)
"Hospitals",4057,11,2019,0,0,0,0,0,0,0,0,0,0,0,0,0,0,0,0,0,0,0,0,0,0,0,0,0,c(-8987351.37064173, 5291160.77221639)
"Hospitals",4064,4,2018,0,0,0,0,0,0,0,0,0,0,0,0,0,0,0,0,0,0,0,0,0,0,0,0,0,c(-9051787.60035226, 6188358.6762982)
"Hospitals",4075,10,2021,0,0,0,0,0,0,0,0,0,0,0,0,0,0,0,0,0,0,0,0,0,0,0,0,0,c(-8830521.29940668, 5417556.46560733)
"Hospitals",4082,4,2021,0,0,0,0,0,0,0,0,0,0,0,0,0,0,0,0,0,0,0,0,0,0,0,0,0,c(-8842408.76273808, 5409100.00846793)
"Hospitals",4083,11,2021,0,0,0,0,0,0,0,0,0,0,0,0,0,0,0,0,0,0,0,0,0,0,0,0,0,c(-8840503.20682663, 5415676.60942599)
"Hospitals",4084,8,2019,0,0,0,0,0,0,0,0,0,0,0,0,0,0,0,0,0,0,0,0,0,0,0,0,0,c(-8835395.87972098, 5421980.61980454)
"Hospitals",4085,9,2018,0,0,0,0,0,0,0,0,0,0,0,0,0,0,0,0,0,0,0,0,0,0,0,0,0,c(-8835600.66305624, 5422017.46226806)
"Hospitals",4086,3,2019,0,0,0,0,0,0,0,0,0,0,0,0,0,0,0,0,0,0,0,0,0,0,0,0,0,c(-8837644.12155289, 5412470.15649321)
"Hospitals",4101,4,2019,0,0,0,0,0,0,0,0,0,0,0,0,0,0,0,0,0,0,0,0,0,0,0,0,0,c(-8861886.95743132, 5399381.73045538)
"Hospitals",4102,3,2018,0,0,0,0,0,0,0,0,0,0,0,0,0,0,0,0,0,0,0,0,0,0,0,0,0,c(-8856864.77860418, 5405173.12183243)
"Hospitals",4139,6,2021,0,0,0,0,0,0,0,0,0,0,0,0,0,0,0,0,0,0,0,0,0,0,0,0,0,c(-8837720.87634179, 5412679.96893824)
"Hospitals",4140,5,2019,0,0,0,0,0,0,0,0,0,0,0,0,0,0,0,0,0,0,0,0,0,0,0,0,0,c(-8837455.04539778, 5412839.50097931)
"Hospitals",4141,9,2020,0,0,0,0,0,0,0,0,0,0,0,0,0,0,0,0,0,0,0,0,0,0,0,0,0,c(-8839445.91656697, 5412007.31194784)
"Hospitals",4226,7,2020,0,0,0,0,0,0,0,0,0,0,0,0,0,0,0,0,0,0,0,0,0,0,0,0,0,c(-13771992.4381849, 6262522.17794858)
"Hospitals",4250,5,2021,0,0,0,0,0,0,0,0,0,0,0,0,0,0,0,0,0,0,0,0,0,0,0,0,0,c(-8897708.66788072, 5590232.87073323)
"Hospitals",4255,10,2018,0,0,0,0,0,0,0,0,0,0,0,0,0,0,0,0,0,0,0,0,0,0,0,0,0,c(-9175821.00818769, 6968999.75118309)
"Hospitals",4256,4,2019,0,0,0,0,0,0,0,0,0,0,0,0,0,0,0,0,0,0,0,0,0,0,0,0,0,c(-8977563.5687915, 6669681.29272485)
"Hospitals",4257,1,2019,0,0,0,0,0,0,0,0,0,0,0,0,0,0,0,0,0,0,0,0,0,0,0,0,0,c(-13541426.618298, 7498177.21626982)
"Hospitals",4258,8,2019,0,0,0,0,0,0,0,0,0,0,0,0,0,0,0,0,0,0,0,0,0,0,0,0,0,c(-8974161.50266391, 6665629.17220368)
"Hospitals",4259,8,2020,0,0,0,0,0,0,0,0,0,0,0,0,0,0,0,0,0,0,0,0,0,0,0,0,0,c(-9509773.39918373, 7360683.10332842)
"Hospitals",4263,2,2021,0,0,0,0,0,0,0,0,0,0,0,0,0,0,0,0,0,0,0,0,0,0,0,0,0,c(-8999383.6717626, 5440567.10093759)
"Hospitals",4280,3,2020,0,0,0,0,0,0,0,0,0,0,0,0,0,0,0,0,0,0,0,0,0,0,0,0,0,c(-8910544.22818325, 5305698.0052143)
"Hospitals",4282,1,2018,0,0,0,0,0,0,0,0,0,0,0,0,0,0,0,0,0,0,0,0,0,0,0,0,0,c(-8854564.47264643, 5340670.36935919)
"Hospitals",4286,10,2021,0,0,0,0,0,0,0,0,0,0,0,0,0,0,0,0,0,0,0,0,0,0,0,0,0,c(-8896231.03522383, 5840209.60624617)
"Hospitals",4289,7,2019,0,0,0,0,0,0,0,0,0,0,0,0,0,0,0,0,0,0,0,0,0,0,0,0,0,c(-8850810.25621527, 5417600.40291903)
"Hospitals",4290,7,2020,0,0,0,0,0,0,0,0,0,0,0,0,0,0,0,0,0,0,0,0,0,0,0,0,0,c(-8907425.75736402, 5675324.96142947)
"Hospitals",4313,7,2021,0,0,0,0,0,0,0,0,0,0,0,0,0,0,0,0,0,0,0,0,0,0,0,0,0,c(-8876974.97857446, 5426444.7730944)
"Hospitals",4314,9,2020,0,0,0,0,0,0,0,0,0,0,0,0,0,0,0,0,0,0,0,0,0,0,0,0,0,c(-8860857.39685682, 5423644.99239463)
"Hospitals",4315,10,2021,0,0,0,0,0,0,0,0,0,0,0,0,0,0,0,0,0,0,0,0,0,0,0,0,0,c(-8877888.68895489, 5417666.90968908)
"Hospitals",4319,12,2019,0,0,0,0,0,0,0,0,0,0,0,0,0,0,0,0,0,0,0,0,0,0,0,0,0,c(-9615265.54506532, 6227234.89717162)
"Hospitals",4321,2,2021,0,0,0,0,0,0,0,0,0,0,0,0,0,0,0,0,0,0,0,0,0,1,0,0,0,c(-8388175.15766261, 5635483.00380537)
"Hospitals",4324,6,2018,1,0,0,0,0,0,0,0,0,0,0,0,0,0,0,0,0,0,0,0,0,0,0,0,0,c(-13576866.6253454, 6303244.19251697)
"Hospitals",4327,10,2019,0,0,0,0,0,0,0,0,0,0,0,0,0,0,0,0,0,0,0,0,0,0,0,0,0,c(-9247647.7567031, 5204407.61011151)
"Hospitals",4328,6,2020,0,0,0,0,0,0,0,0,0,0,0,0,0,0,0,0,0,0,0,0,0,0,0,0,0,c(-9239209.38085221, 5206085.53713845)
"Hospitals",4329,6,2019,0,0,0,0,0,0,0,0,0,0,0,0,0,0,0,0,0,0,0,0,0,0,0,0,0,c(-9246578.83133027, 5203864.82978247)
"Hospitals",4348,9,2020,0,0,0,0,0,0,0,0,0,0,0,0,0,0,0,0,0,0,0,0,0,0,0,0,0,c(-12643215.3618894, 6918317.07543356)
"Hospitals",4352,12,2019,0,0,0,0,0,0,0,0,0,0,0,0,0,0,0,0,0,0,0,0,0,0,0,0,0,c(-8989460.88612422, 5328188.83627208)
"Hospitals",4380,11,2019,0,0,0,0,0,0,0,0,0,0,0,0,0,0,0,0,0,0,0,0,0,0,0,0,0,c(-7024284.58198252, 5821365.37635985)
"Hospitals",4385,12,2018,0,0,0,0,0,0,0,0,0,0,0,0,0,0,0,0,0,0,0,0,0,0,0,0,0,c(-7131838.190062, 5911251.07702904)
"Hospitals",4389,9,2020,0,0,0,0,0,0,0,0,0,0,0,0,0,0,0,0,0,0,0,0,0,0,0,0,0,c(-12670204.8614879, 6847387.9872474)
"Hospitals",4400,3,2021,0,0,0,0,0,0,0,0,0,0,0,0,0,0,0,0,0,0,0,0,0,0,0,0,0,c(-13229069.5817871, 7514146.38028005)
"Hospitals",4426,7,2018,0,0,0,0,0,0,0,0,0,0,0,0,0,0,0,0,0,0,0,0,0,0,0,0,0,c(-14131158.5969977, 6549840.90644524)
"Hospitals",4434,7,2018,0,0,0,0,0,0,0,0,0,0,0,0,0,0,0,0,0,0,0,0,0,0,0,0,0,c(-13772817.3267437, 6238460.37461822)
"Hospitals",4435,6,2020,0,0,0,0,0,0,0,0,0,0,0,0,0,0,0,0,0,0,0,0,0,0,0,0,0,c(-12558528.9590809, 6391961.27503453)
"Hospitals",4440,12,2021,0,0,0,0,0,0,0,0,0,0,0,0,0,0,0,0,0,0,0,0,0,0,0,0,0,c(-8843869.50822821, 5996830.45618059)
"Hospitals",4441,6,2019,0,0,0,0,0,0,0,0,0,0,0,0,0,0,0,0,0,0,0,0,0,0,0,0,0,c(-7614857.8577339, 7989798.8539076)
"Hospitals",4442,12,2019,0,0,0,0,0,0,0,0,0,0,0,0,0,0,0,0,0,0,0,0,0,0,0,0,0,c(-8457916.54034587, 5843241.61935909)
"Hospitals",4448,4,2020,0,0,0,0,0,0,0,0,0,0,0,0,0,0,0,0,0,0,0,0,0,0,0,0,0,c(-12969645.7757807, 6291625.75108931)
"Hospitals",4449,11,2021,0,0,0,0,0,0,0,0,0,0,0,0,0,0,0,0,0,0,0,0,0,0,0,0,0,c(-8452765.16411772, 5724183.64362866)
"Hospitals",4450,5,2021,0,0,0,0,0,0,0,0,0,0,0,0,0,0,0,0,0,0,0,0,0,0,0,0,0,c(-7928254.9433417, 5917287.96215134)
"Hospitals",4461,8,2018,0,0,0,0,0,0,0,0,0,0,0,0,0,0,0,0,0,0,0,0,0,0,0,0,0,c(-12643959.7553244, 6449507.35866239)
"Hospitals",4464,7,2018,0,0,0,0,0,0,0,0,0,0,0,0,0,0,0,0,0,0,0,0,0,0,0,0,0,c(-7890283.87393767, 6163201.16747298)
"Hospitals",4466,7,2021,0,0,0,0,0,0,0,0,0,0,0,0,0,0,0,0,0,0,0,0,0,0,0,0,0,c(-7505189.23498909, 6185232.22759681)
"Hospitals",4468,1,2020,0,0,0,0,0,0,0,1,1,0,0,0,0,0,0,0,0,0,0,0,0,0,0,0,0,c(-8188407.22186945, 5702538.86542011)
"Hospitals",4469,9,2021,0,0,0,0,0,0,0,0,0,0,0,0,0,0,0,0,0,0,0,0,0,0,0,0,0,c(-8000131.60974317, 6177987.88242442)
"Hospitals",4470,9,2021,0,0,0,0,0,0,0,0,0,0,0,0,0,0,0,0,0,0,0,0,0,0,0,0,0,c(-7843123.64996183, 5948599.11669887)
"Hospitals",4471,2,2021,0,0,0,0,0,0,0,0,0,0,0,0,0,0,0,0,0,0,0,0,1,1,0,0,0,c(-8097788.38075757, 5864998.97768294)
"Hospitals",4472,2,2020,0,0,0,0,0,0,0,0,0,0,0,0,0,0,0,0,0,0,0,0,0,0,0,0,0,c(-7893197.43897021, 5714689.11156895)
"Hospitals",4474,8,2018,0,0,0,0,0,0,0,0,0,0,0,0,0,0,0,0,0,0,0,0,0,0,0,0,0,c(-8816345.29658771, 6238704.8502217)
"Hospitals",4475,4,2018,0,0,0,0,0,0,0,0,0,0,0,0,0,0,0,0,0,0,0,0,0,0,0,0,0,c(-8697200.90275175, 6130442.2734499)
"Hospitals",4478,3,2018,0,0,0,0,0,0,0,0,0,1,0,0,0,0,0,0,0,0,0,0,0,0,0,0,0,c(-8075746.93233737, 5836207.45239325)
"Hospitals",4479,12,2021,0,0,0,0,0,0,0,0,0,0,0,0,0,0,0,0,0,0,0,0,0,0,0,0,0,c(-8077560.59400917, 5837401.64652873)
"Hospitals",4481,1,2019,0,0,0,0,0,0,0,0,0,0,0,0,0,0,0,0,0,0,0,0,0,0,0,0,0,c(-7929998.54943155, 5913968.3635596)
"Hospitals",4483,6,2018,0,0,0,0,0,0,0,0,0,0,0,0,0,0,0,0,0,0,0,0,0,0,0,0,0,c(-13384589.088657, 7508735.30076933)
"Hospitals",4492,9,2018,0,0,0,0,1,0,0,0,0,0,0,0,0,0,0,0,0,0,0,0,0,0,0,0,0,c(-12535386.6276884, 6398928.26041715)
"Hospitals",4501,12,2021,1,0,0,0,0,0,0,0,0,0,0,0,0,0,0,0,0,0,0,0,0,0,0,0,0,c(-13699186.2184131, 6289411.56287825)
"Hospitals",4529,2,2019,0,0,0,0,0,0,0,0,0,0,0,0,0,0,0,0,0,0,0,0,0,0,0,0,0,c(-12267298.5696788, 7258885.57234446)
"Hospitals",4533,11,2019,0,0,0,0,0,0,0,0,0,0,0,0,0,0,0,0,0,1,0,0,0,0,0,0,0,c(-13360363.0174939, 6736251.01288516)
"Hospitals",4539,3,2019,0,0,0,0,0,0,0,0,0,0,0,0,0,0,0,0,0,0,0,0,0,0,0,0,0,c(-12332197.8662071, 6801904.83010021)
"Hospitals",4545,1,2018,0,0,0,0,0,0,0,0,0,0,0,0,0,0,0,0,0,0,0,0,0,0,0,0,0,c(-13672658.3830069, 6323445.20198037)
"Hospitals",4552,5,2021,0,0,0,0,0,0,0,0,0,0,0,0,0,0,0,0,0,0,0,0,0,0,0,0,0,c(-12885230.280085, 6362260.22036028)
"Hospitals",4570,6,2019,0,0,0,0,0,0,0,0,0,0,0,0,0,0,0,0,0,0,0,0,0,0,0,0,0,c(-12807978.8392748, 6362477.93018245)
"Hospitals",4576,5,2021,0,0,0,0,0,0,0,0,0,0,0,0,0,0,0,0,0,0,0,0,0,0,0,0,0,c(-8656383.27374309, 7415304.52719273)
"Hospitals",4577,3,2021,0,0,0,0,0,0,0,0,0,0,0,0,0,0,0,0,0,0,0,0,0,0,0,0,0,c(-8277359.55454441, 6431341.5191486)
"Hospitals",4579,10,2021,0,0,0,0,0,0,0,0,0,0,0,0,0,0,0,0,0,0,0,0,0,0,0,0,0,c(-7868483.09825657, 5798100.12219081)
"Hospitals",4580,4,2018,0,0,0,0,0,0,0,0,0,0,0,0,0,0,0,0,0,0,0,0,0,0,0,0,0,c(-7909112.26336731, 6178007.10700585)
"Hospitals",4581,8,2018,0,0,0,0,0,0,0,0,0,0,0,0,0,0,0,0,0,0,0,0,0,0,0,0,0,c(-8095447.03130357, 5686696.94622893)
"Hospitals",4582,10,2018,0,0,0,0,0,0,0,0,0,0,0,0,0,0,0,0,1,0,0,0,0,0,0,0,0,c(-7977671.56664174, 6198515.11268299)
"Hospitals",4583,1,2019,0,0,0,0,0,0,0,0,0,0,0,0,0,0,0,0,0,0,0,0,0,0,0,0,0,c(-8696853.47462099, 6203273.47420829)
"Hospitals",4587,2,2020,0,0,0,0,0,0,0,0,0,0,0,0,0,0,0,0,0,0,0,0,0,0,0,0,0,c(-12407581.7221841, 6817549.93426287)
"Hospitals",4620,2,2020,0,0,0,0,0,0,0,0,0,0,0,0,0,0,0,0,0,0,0,0,1,0,0,0,0,c(-13704700.2512784, 6319659.63205423)
"Hospitals",4625,10,2020,0,0,0,0,0,0,0,0,0,0,0,0,0,0,0,0,0,0,0,0,0,0,0,0,0,c(-7932445.97077556, 5911336.74382013)
"Hospitals",4626,1,2019,0,0,0,0,0,0,0,0,0,0,0,0,0,0,0,0,0,0,0,0,0,0,0,0,0,c(-13659451.4386192, 8139209.59952222)
"Hospitals",4627,10,2018,0,0,0,0,0,0,0,0,0,0,0,0,0,0,0,0,1,0,0,0,0,0,0,0,0,c(-8424296.05037547, 5699553.15161211)
"Hospitals",4630,1,2019,0,0,0,0,0,0,0,0,0,0,0,0,0,0,0,0,0,0,0,0,0,0,0,0,0,c(-13449213.3369875, 7609575.44203253)
"Hospitals",4631,12,2019,0,0,0,0,0,0,1,1,0,0,0,0,0,0,0,0,0,0,0,0,0,0,0,0,0,c(-8084775.43284647, 5817380.36965029)
"Hospitals",4636,4,2019,0,0,0,0,0,0,0,0,0,0,0,0,0,0,0,0,0,0,0,0,0,0,0,0,0,c(-7936812.70489369, 5906094.91794504)
"Hospitals",4637,6,2021,0,0,0,0,0,0,0,0,0,0,0,0,0,0,0,0,0,0,0,0,0,0,0,0,0,c(-8185226.55685071, 5714648.50045989)
"Hospitals",4639,1,2021,0,0,0,0,0,0,0,0,0,0,0,0,0,0,0,0,0,0,0,0,0,0,0,0,0,c(-13516888.4629424, 6339046.53713684)
"Hospitals",4640,8,2021,0,0,0,0,0,0,0,0,0,0,0,0,0,0,0,0,0,0,0,0,0,0,0,0,0,c(-8194755.17130414, 5720803.97865313)
"Hospitals",4642,12,2019,0,0,0,0,0,0,1,1,0,0,0,0,0,0,0,0,0,0,0,0,0,0,0,0,0,c(-8136733.37102821, 5787651.67878289)
"Hospitals",4644,1,2020,0,0,0,0,0,0,0,0,0,0,0,0,0,0,0,0,0,0,0,0,0,0,0,0,0,c(-7858830.08427217, 5938217.41808964)
"Hospitals",4651,5,2019,1,0,0,0,0,0,0,0,0,0,0,0,0,0,0,0,0,0,0,0,0,0,0,1,0,c(-8208431.08244267, 5708308.44955549)
"Hospitals",4656,9,2018,0,0,0,1,0,0,0,0,0,0,0,0,0,0,0,0,0,0,0,0,0,0,0,0,0,c(-13706258.5015105, 6316840.54241009)
"Hospitals",4657,3,2020,0,0,0,0,0,0,0,0,0,0,0,0,0,0,0,0,0,0,0,0,0,0,0,0,0,c(-13636588.1851902, 6979559.6252774)
"Hospitals",4663,5,2018,0,0,0,0,0,0,0,0,0,0,0,1,1,0,0,0,0,0,0,0,0,0,0,0,0,c(-8190354.94560402, 5702649.87488646)
"Hospitals",4682,12,2018,0,0,0,0,0,0,0,0,0,0,0,0,0,0,0,0,0,0,0,0,0,0,0,0,0,c(-13729242.7146982, 6176223.29742052)
"Hospitals",4689,2,2018,0,0,0,0,0,0,0,0,1,1,0,0,0,0,0,0,0,0,0,0,0,0,0,0,0,c(-8191817.76163668, 5700516.18642525)
"Hospitals",4690,3,2019,0,0,0,0,0,0,0,0,0,0,0,0,0,0,0,0,0,0,0,0,0,0,0,0,0,c(-13020662.5967234, 6673906.5951248)
"Hospitals",4697,9,2018,0,0,0,0,0,0,0,0,0,0,0,0,0,0,0,0,0,0,0,0,0,0,0,0,0,c(-11553516.970573, 6579246.98263402)
"Hospitals",4699,6,2019,0,0,0,0,0,0,0,0,0,0,0,0,0,0,0,0,0,0,0,0,0,0,0,0,0,c(-11408533.7867149, 6383786.8968426)
"Hospitals",4700,5,2019,0,0,0,0,0,0,0,0,0,0,0,0,0,0,0,0,0,0,0,0,0,0,0,0,0,c(-11798001.1999772, 6382201.59402504)
"Hospitals",4703,12,2018,0,0,0,0,0,0,0,0,0,0,0,0,0,0,0,0,0,0,0,0,0,0,0,0,0,c(-11527226.4460573, 6586557.04339695)
"Hospitals",4705,5,2020,0,0,0,0,0,0,0,0,0,0,0,0,0,0,0,0,0,0,0,0,0,0,0,0,0,c(-12054650.8463494, 6940898.51312351)
"Hospitals",4713,7,2020,0,0,0,0,0,0,0,0,0,0,0,0,0,0,0,0,0,0,0,0,0,0,0,0,0,c(-12022084.1066789, 6810507.15122155)
"Hospitals",4715,2,2019,0,0,0,0,0,0,0,0,0,0,0,0,0,0,0,0,0,0,0,0,0,0,0,0,0,c(-12022156.430952, 6810379.55172361)
"Hospitals",4725,2,2020,0,0,0,0,0,0,0,0,0,0,0,0,0,0,0,0,0,0,0,0,0,0,0,0,0,c(-11419644.1732089, 6511299.06374351)
"Hospitals",4731,5,2018,0,0,0,0,0,0,0,0,0,0,0,0,0,0,0,0,0,0,0,0,0,0,0,0,0,c(-11403520.2128844, 6732828.71553235)
"Hospitals",4734,10,2021,0,0,0,0,0,0,0,0,0,0,0,0,0,0,0,0,0,0,0,0,0,0,0,0,0,c(-11531791.3244162, 7035435.11757293)
"Hospitals",4737,3,2020,0,0,0,0,0,0,0,0,0,0,0,0,0,0,0,0,0,0,0,0,0,0,0,0,0,c(-11856500.928223, 6585971.9192735)
"Hospitals",4758,10,2018,0,0,0,0,0,0,0,0,0,0,0,0,0,0,0,0,0,0,0,0,0,0,0,0,0,c(-11997563.6511223, 6500315.32028094)
"Hospitals",4761,5,2020,0,0,0,0,0,0,0,0,0,0,0,0,0,0,0,0,0,0,0,0,0,0,0,0,0,c(-11798137.3325825, 6668590.31276723)
"Hospitals",4764,12,2020,0,0,0,0,0,0,0,0,0,0,0,0,0,0,0,0,0,0,0,0,0,0,0,0,0,c(-11960662.9097167, 6680484.41888446)
"Hospitals",4765,4,2019,0,0,0,0,0,0,0,0,0,0,0,0,0,0,0,0,0,0,0,0,0,0,0,0,0,c(-11746994.6092958, 6519182.25057471)
"Hospitals",4818,7,2021,0,0,0,0,0,0,0,0,0,0,0,0,0,0,0,0,0,0,0,0,0,0,0,0,0,c(-11935551.7150184, 6520434.12627708)
"Hospitals",4823,7,2018,0,0,0,0,0,0,0,0,0,0,0,0,0,0,0,0,0,0,0,0,0,0,0,0,0,c(-11397737.9445742, 6956023.74100664)
"Hospitals",4824,8,2020,0,0,0,0,0,0,0,0,0,0,0,0,0,0,0,0,0,0,0,0,0,0,0,0,0,c(-11702022.8263214, 6838639.01102135)
"Hospitals",4827,5,2019,0,0,0,0,0,0,0,0,0,0,0,0,0,0,0,0,0,0,0,0,0,0,0,0,0,c(-11541438.5831829, 6539705.21525462)
"Hospitals",4833,6,2018,0,0,0,0,0,0,0,0,0,0,0,0,0,0,0,0,0,0,0,0,0,0,0,0,0,c(-11871326.4580068, 6823947.32800206)
"Hospitals",4837,5,2020,0,0,0,0,0,0,0,0,0,0,0,0,0,0,0,0,0,0,0,0,0,0,0,0,0,c(-11342095.0084206, 6720369.27604473)
"Hospitals",4841,4,2020,0,0,0,0,0,0,0,0,0,0,0,0,0,0,0,0,0,0,0,0,0,0,0,0,0,c(-11524563.6838375, 6828756.24809103)
"Hospitals",4842,8,2019,0,0,0,0,0,0,0,0,0,0,0,0,0,0,0,0,0,0,0,0,0,0,0,0,0,c(-12148503.7524398, 6784530.18797416)
"Hospitals",4843,6,2021,0,0,0,0,0,0,0,0,0,0,0,0,0,0,0,0,0,0,0,0,0,0,0,0,0,c(-12149459.3189487, 6785253.34341477)
"Hospitals",4846,7,2021,0,0,0,0,0,0,0,0,0,0,0,0,0,0,0,0,0,0,0,0,0,0,0,0,0,c(-12152131.4320057, 6705018.44472139)
"Hospitals",4848,1,2021,0,0,0,0,0,0,0,0,0,0,0,0,0,0,0,0,0,0,0,0,0,0,0,0,0,c(-11425973.7994554, 6463892.05482857)
"Hospitals",4849,6,2021,0,0,0,0,0,0,0,0,0,0,0,0,0,0,0,0,0,0,0,0,0,0,0,0,0,c(-12457414.8495853, 6840627.59616874)
"Hospitals",4852,12,2020,0,0,0,0,0,0,0,0,0,0,0,0,0,0,0,0,0,0,0,0,0,0,0,0,0,c(-11425622.0966562, 6464011.56184767)
"Hospitals",4859,10,2019,0,0,0,0,0,0,0,0,0,0,0,0,0,0,0,0,0,0,0,0,0,0,0,0,0,c(-12184005.6531241, 7656822.99994971)
"Hospitals",4860,4,2019,0,0,0,0,0,0,0,0,0,0,0,0,0,0,0,0,0,0,0,0,0,0,0,0,0,c(-11720794.6765816, 7382320.62323667)
"Hospitals",4863,6,2021,0,0,0,0,0,0,0,0,0,0,0,0,0,0,0,0,0,0,0,0,0,0,0,0,0,c(-12151511.159803, 7175373.38758056)
"Hospitals",4871,4,2021,0,0,0,0,0,0,0,0,0,0,0,0,0,0,0,0,0,0,0,0,0,0,0,0,0,c(-11691212.3011397, 6773314.11248116)
"Hospitals",4873,10,2018,0,0,0,0,0,0,0,0,0,0,0,0,0,0,0,0,0,0,0,0,0,0,0,0,0,c(-12194061.4766859, 6602020.83845211)
"Hospitals",4875,10,2018,0,0,0,0,0,0,0,0,0,0,0,0,0,0,0,0,0,0,0,0,0,0,0,0,0,c(-12194089.3065586, 6602029.13272677)
"Hospitals",4884,12,2018,0,0,0,0,0,0,0,0,0,0,0,0,0,0,0,0,0,0,0,0,0,0,0,0,0,c(-12243978.1048372, 7033587.26644838)
"Hospitals",4891,5,2018,0,0,0,0,0,0,0,0,0,0,0,0,0,0,0,0,0,0,0,0,0,0,0,0,0,c(-12166515.6913281, 6999762.40526372)
"Hospitals",4896,3,2018,0,0,0,0,0,0,0,0,0,0,0,0,0,0,0,0,0,0,0,0,0,0,0,0,0,c(-12188371.0469555, 6429542.45916145)
"Hospitals",4904,5,2021,0,0,0,0,0,0,0,0,0,0,0,0,0,0,0,0,0,0,0,0,0,0,0,0,0,c(-11645647.5637657, 6958210.07840105)
"Hospitals",4909,11,2021,0,0,0,0,0,0,0,0,0,0,0,0,0,0,0,0,0,0,0,0,0,0,0,0,0,c(-11746954.4452235, 6514526.01412882)
"Hospitals",4918,5,2018,0,0,0,0,0,0,0,0,0,0,0,0,0,0,0,0,0,0,0,0,0,0,0,0,0,c(-11577676.3279653, 7049155.64252321)
"Hospitals",4919,2,2020,0,0,0,0,0,0,0,0,0,0,0,0,0,0,0,0,0,0,0,0,0,0,0,0,0,c(-11577658.9287289, 7049113.32233436)
"Hospitals",4932,10,2020,0,0,0,0,0,0,0,0,0,0,0,0,0,0,0,0,0,0,0,0,0,0,0,0,0,c(-12070899.606955, 7193593.56679608)
"Hospitals",4937,8,2018,0,0,0,0,0,0,0,0,0,0,0,0,0,0,0,0,0,0,0,0,0,0,0,0,0,c(-11918196.3050909, 6707292.64546697)
"Hospitals",4945,1,2019,0,0,0,0,0,0,0,0,0,0,0,0,0,0,0,0,0,0,0,0,0,0,0,0,0,c(-11648300.4185508, 6525350.77071105)
"Hospitals",4949,9,2019,0,0,0,0,0,0,0,0,0,0,0,0,0,0,0,0,0,0,0,0,0,0,0,0,0,c(-11776073.2640418, 7018507.45350176)
"Hospitals",4956,4,2020,0,0,0,0,0,0,0,0,0,0,0,0,0,0,0,0,0,0,0,0,0,0,0,0,0,c(-11495141.4971429, 6908740.13946128)
"Hospitals",4976,3,2021,0,0,0,0,0,0,0,0,0,0,0,0,0,0,0,0,0,0,0,0,0,0,0,0,0,c(-11611216.3339439, 6353986.3614361)
"Hospitals",4980,6,2019,0,0,0,0,0,0,0,0,0,0,0,0,0,0,0,0,0,0,0,0,0,0,0,0,0,c(-11320570.7169588, 6372616.52621023)
"Hospitals",4985,6,2019,0,0,0,0,0,0,0,0,0,0,0,0,0,0,0,0,0,0,0,0,0,0,0,0,0,c(-11644129.3551544, 6523520.79528634)
"Hospitals",4989,2,2021,0,0,0,0,0,0,0,0,0,0,0,0,0,0,0,0,0,0,0,0,0,0,0,0,0,c(-11866976.7602236, 6829428.92696413)
"Hospitals",4993,8,2018,0,0,0,0,0,0,0,0,0,0,0,0,0,0,0,0,0,0,0,0,0,0,0,0,0,c(-12130797.6081927, 7055263.56427233)
"Hospitals",4998,12,2021,0,0,0,0,0,0,0,0,0,0,0,0,0,0,0,0,0,0,0,0,0,0,0,0,0,c(-12022267.7838387, 6719360.06063911)
"Hospitals",5003,8,2021,0,0,0,0,0,0,0,0,0,0,0,0,0,0,0,0,0,0,0,0,0,0,0,0,0,c(-11836964.9921099, 6921561.05520346)
"Hospitals",5004,3,2018,0,0,0,0,0,0,0,0,0,0,0,0,0,0,0,0,0,0,0,0,0,0,0,0,0,c(-11871282.709447, 6823818.21050434)
"Hospitals",5009,9,2019,0,0,0,0,0,0,0,0,0,0,0,0,0,0,0,0,0,0,0,0,0,0,0,0,0,c(-12052079.9227095, 6935147.02335001)
"Hospitals",5010,9,2018,0,0,0,0,0,0,0,0,0,0,0,0,0,0,0,0,0,0,0,0,0,0,0,0,0,c(-12052047.5287377, 6935153.45879701)
"Hospitals",5011,4,2020,0,0,0,0,0,0,0,0,0,0,0,0,0,0,0,0,0,0,0,0,0,0,0,0,0,c(-11872659.5089091, 6824831.43933878)
"Hospitals",5017,11,2018,0,0,0,0,0,0,0,0,0,0,0,0,0,0,0,0,0,0,0,0,0,0,0,0,0,c(-12067573.5252854, 6386134.48226551)
"Hospitals",5018,12,2020,0,0,0,0,0,0,0,0,0,0,0,0,0,0,0,0,0,0,0,0,0,0,0,0,0,c(-11844530.1867805, 7023523.72753337)
"Hospitals",5028,12,2019,0,0,0,0,0,0,0,0,0,0,0,0,0,0,0,0,0,0,0,0,0,0,0,0,0,c(-11316334.3424172, 6469880.62670547)
"Hospitals",5038,1,2018,0,0,0,0,0,0,0,0,1,0,0,0,0,0,0,0,0,0,0,0,0,0,0,0,0,c(-11363954.8279597, 6559700.18935425)
"Hospitals",5040,5,2020,0,0,0,0,0,0,0,0,0,0,0,0,0,0,0,0,0,0,0,0,0,0,0,0,0,c(-12011326.747686, 7448843.13534212)
"Hospitals",5042,4,2019,0,0,0,0,0,0,0,0,0,0,0,0,0,0,0,0,0,0,0,0,0,0,0,0,0,c(-11467262.8665076, 6300783.30659577)
"Hospitals",5043,5,2019,0,0,0,0,0,0,0,0,0,0,0,0,0,0,0,0,0,0,0,0,0,0,0,0,0,c(-11862530.3591987, 6424531.18201707)
"Hospitals",5044,3,2018,0,0,0,0,0,0,0,0,0,0,0,0,0,0,0,0,0,0,0,0,0,0,0,0,0,c(-11575325.7167297, 6677065.66122046)
"Hospitals",5049,9,2019,0,0,0,0,0,0,0,0,0,0,0,0,0,0,0,0,0,0,0,0,0,0,0,0,0,c(-11877385.1326127, 6822996.76688188)
"Hospitals",5050,5,2021,0,0,0,0,0,0,0,0,0,0,0,0,0,0,0,0,0,0,0,0,0,0,0,0,0,c(-11445926.8830964, 6610277.4485858)
"Hospitals",5063,1,2018,0,0,0,0,0,0,0,0,0,0,0,0,0,0,0,0,0,0,0,0,0,0,0,0,0,c(-14702023.7031198, 7030281.45522678)
"Hospitals",5066,7,2018,0,0,0,0,0,0,0,0,0,0,0,0,0,0,0,0,0,0,0,0,0,0,0,0,0,c(-11583342.8240051, 6956558.20744717)
"Hospitals",5069,5,2021,0,0,0,0,0,0,0,0,0,0,0,0,0,0,0,0,0,0,0,0,0,0,0,0,0,c(-12153137.648883, 6880577.11129915)
"Hospitals",5070,10,2020,0,0,0,0,0,0,0,0,0,0,0,0,0,0,0,0,0,0,0,0,0,0,0,0,0,c(-12153066.2930894, 6880606.33126942)
"Hospitals",5072,1,2020,0,0,0,0,0,0,0,0,0,0,0,0,0,0,0,0,0,0,0,0,0,0,0,0,0,c(-11775827.5819256, 7018609.64319597)
"Hospitals",5076,10,2020,0,0,0,0,0,0,0,0,0,0,0,0,0,0,0,0,0,0,0,0,0,0,0,0,0,c(-11554330.1483213, 6791436.60196997)
"Hospitals",5079,8,2018,0,0,0,0,0,0,0,0,0,0,0,0,0,0,0,0,0,0,0,0,0,0,0,0,0,c(-11771158.2858843, 6918689.33707313)
"Hospitals",5085,6,2021,0,0,0,0,0,0,0,0,0,0,0,0,0,0,0,0,0,0,0,0,0,0,0,0,0,c(-11645250.1977114, 6520239.41955316)
"Hospitals",5087,12,2019,0,0,0,0,0,0,0,0,0,0,0,0,0,0,0,0,0,0,0,0,0,0,0,0,0,c(-11739269.4485168, 6741393.97287674)
"Hospitals",5090,5,2018,0,0,0,0,0,0,0,0,0,0,0,0,0,0,0,0,0,0,0,0,0,0,0,0,0,c(-11357073.9364628, 6430012.94638519)
"Hospitals",5095,5,2018,0,0,0,0,0,0,0,0,0,0,0,0,0,0,0,0,0,0,0,0,0,0,0,0,0,c(-11562965.3459375, 6390178.07455234)
"Hospitals",5097,6,2021,0,0,0,0,0,0,0,0,0,0,0,0,0,0,0,0,0,0,0,0,0,0,0,0,0,c(-11560873.6527055, 6389131.21274241)
"Hospitals",5110,6,2020,0,0,0,0,0,0,0,0,0,0,0,0,0,0,0,0,0,0,0,0,0,0,0,0,0,c(-12100553.883656, 6873789.99609357)
"Hospitals",5116,3,2018,0,0,0,0,0,0,0,0,0,0,0,0,0,0,0,0,0,0,0,0,0,0,0,0,0,c(-11495799.8628753, 6520491.37019152)
"Hospitals",5121,12,2021,0,0,0,0,0,0,0,0,0,0,0,0,0,0,0,0,0,0,0,0,0,0,0,0,0,c(-11595886.4934709, 6758195.38753207)
"Hospitals",5124,9,2021,0,0,0,0,0,0,0,0,0,0,0,0,0,0,0,0,0,0,0,0,0,0,0,0,0,c(-11408089.5774189, 6657147.04337524)
"Hospitals",5136,4,2020,0,0,0,0,0,0,0,0,0,0,0,0,0,0,0,0,0,0,0,0,0,0,0,0,0,c(-15521721.8792693, 9364161.87213197)
"Hospitals",5155,6,2021,0,0,0,0,0,0,0,0,0,0,0,0,0,0,0,0,0,0,0,0,0,0,0,0,0,c(-14327931.6600022, 8415448.46046835)
"Hospitals",5160,10,2021,0,0,1,0,0,0,0,0,0,0,0,0,0,0,0,0,0,0,0,0,0,0,0,0,0,c(-15033029.3146868, 8561644.11025885)
"Hospitals",5214,7,2020,0,0,0,0,0,0,0,0,0,0,0,0,0,0,0,0,0,0,0,0,0,0,0,0,0,c(-12638221.8589631, 7079443.79050279)
"Hospitals",5216,4,2020,0,0,0,0,0,0,0,0,0,0,0,0,0,0,0,0,0,0,0,0,0,0,0,0,0,c(-12916780.3388461, 6534503.73398515)
"Hospitals",5224,12,2020,0,0,0,0,0,0,0,0,0,0,0,0,0,0,0,0,0,0,0,0,0,0,0,0,0,c(-12743145.6108643, 6379551.94032554)
"Hospitals",5234,3,2021,0,0,0,0,0,0,0,0,0,0,0,0,0,0,0,0,0,0,0,0,0,0,0,0,0,c(-13673734.6198439, 6305366.36122704)
"Hospitals",5243,6,2019,0,0,0,0,0,0,0,0,0,0,0,0,0,0,0,0,0,0,0,0,0,0,0,0,0,c(-12498119.8677971, 6958697.09418185)
"Hospitals",5253,8,2018,0,0,0,0,0,0,0,0,0,0,0,0,0,0,0,0,0,0,0,0,0,0,0,0,0,c(-13301996.3160397, 6424413.10387259)
"Hospitals",5272,11,2020,0,0,0,0,0,0,0,0,0,0,0,0,0,0,0,0,0,1,1,0,0,0,0,0,0,c(-8188611.42634336, 5712353.59688315)
"Hospitals",5284,3,2018,0,0,0,0,0,0,0,0,0,1,1,0,0,0,0,0,0,0,0,0,0,0,0,0,0,c(-8203460.77849824, 5707803.9283374)
"Hospitals",5296,12,2019,0,0,0,0,0,0,0,0,0,0,0,0,0,0,0,0,0,0,0,0,0,0,0,0,0,c(-7931691.60756703, 5905178.14149551)
"Hospitals",5307,11,2021,0,0,0,0,0,0,0,0,0,0,0,0,0,0,0,0,0,0,0,0,0,0,0,0,0,c(-8102466.17047605, 6012290.74957094)
"Hospitals",5308,3,2020,0,0,0,0,0,0,0,0,0,1,1,0,0,0,0,0,0,0,0,0,0,0,0,0,0,c(-8189634.45246376, 5702961.24250777)
"Hospitals",5321,6,2019,0,0,0,0,0,0,0,0,0,0,0,0,0,0,0,0,0,0,0,0,0,0,0,0,0,c(-8000423.48944803, 5692285.93225068)
"Hospitals",5333,11,2021,0,0,0,0,0,0,0,0,0,0,0,0,0,0,0,0,0,0,0,0,0,0,0,0,0,c(-8001416.5706254, 5684467.65498186)
"Hospitals",5345,11,2018,0,0,0,0,0,0,0,0,0,0,0,0,0,0,0,0,0,0,0,0,0,0,0,0,0,c(-7931114.19336828, 5909385.3011068)
"Hospitals",5357,11,2021,0,0,0,0,0,0,0,0,0,0,0,0,0,0,0,0,0,0,0,0,0,0,0,0,0,c(-7927171.59096286, 5911992.90844302)
"Hospitals",5381,8,2019,0,0,0,0,0,0,0,0,0,0,0,0,0,0,0,0,0,0,0,0,0,0,0,0,0,c(-8406586.90050211, 5868801.75091117)
"Hospitals",5393,2,2021,0,0,0,0,0,0,0,0,0,0,0,0,0,0,0,0,0,0,0,0,1,1,0,0,0,c(-8189105.79620198, 5694882.53814358)
"Hospitals",5405,11,2018,0,0,0,0,0,0,0,0,0,0,0,0,0,0,0,0,0,0,0,0,0,0,0,0,0,c(-7734330.83331084, 6067422.2633587)
"Hospitals",5417,5,2021,0,0,0,0,0,0,0,0,0,0,0,0,0,0,0,0,0,0,0,0,0,0,0,0,0,c(-7909093.86225549, 6178016.75286365)
"Hospitals",5429,10,2018,0,0,0,0,0,0,0,0,0,0,0,0,0,0,0,0,1,1,0,0,0,0,0,0,0,c(-8191088.06237453, 5691735.66662019)
"Hospitals",5430,7,2018,0,0,0,0,0,0,0,0,0,0,0,0,0,0,0,0,0,0,0,0,0,0,0,0,0,c(-7516783.60523317, 6248359.38180787)
"Hospitals",5443,2,2019,0,0,0,0,0,0,0,0,0,0,0,0,0,0,0,0,0,0,0,0,1,1,0,0,0,c(-8190677.96137045, 5702797.29657178)
"Hospitals",5465,2,2019,0,0,0,0,0,0,0,0,0,0,0,0,0,0,0,0,0,0,0,0,1,0,0,0,0,c(-7977719.65666176, 6198952.16742657)
"Hospitals",5489,4,2019,0,0,0,0,0,0,0,0,0,0,0,0,0,0,0,0,0,0,0,0,0,0,0,0,0,c(-7923157.63276384, 5912040.08120432)
"Hospitals",5501,12,2020,0,0,0,0,0,0,0,0,0,0,0,0,0,0,0,0,0,0,0,0,0,0,0,0,0,c(-7179733.79059402, 6243180.96279889)
"Hospitals",5513,5,2019,1,0,0,0,0,0,0,0,0,0,0,0,0,0,0,0,0,0,0,0,0,0,0,1,0,c(-8431759.68827468, 5690981.88300421)
"Hospitals",5525,6,2020,0,0,0,0,0,0,0,0,0,0,0,0,0,1,0,0,0,0,0,0,0,0,0,0,0,c(-8204540.46623945, 5787033.07189531)
"Hospitals",5537,4,2018,0,0,0,0,0,0,0,0,0,0,1,0,0,0,0,0,0,0,0,0,0,0,0,0,0,c(-8425890.70208108, 5699518.05616073)
"Hospitals",5549,5,2021,0,0,0,0,0,0,0,0,0,0,0,0,0,0,0,0,0,0,0,0,0,0,0,0,0,c(-7080503.37386192, 6487562.83260056)
"Hospitals",5550,10,2018,0,0,0,0,0,0,0,0,0,0,0,0,0,0,0,0,0,0,0,0,0,0,0,0,0,c(-8276513.19245591, 6431732.73817195)
"Hospitals",5562,5,2020,0,0,0,0,0,0,0,0,0,0,0,0,0,0,0,0,0,0,0,0,0,0,0,0,0,c(-8569743.53669767, 6284382.35930226)
"Hospitals",5574,2,2019,0,0,0,0,0,0,0,0,0,0,0,0,0,0,0,0,0,0,0,0,0,0,0,0,0,c(-8641541.26867461, 6404270.99463364)
"Hospitals",5587,11,2021,0,0,0,0,0,0,0,0,0,0,0,0,0,0,0,0,0,0,0,0,0,0,0,0,0,c(-8432009.8231705, 5691831.65919762)
"Hospitals",5599,2,2018,0,0,0,0,0,0,0,0,1,0,0,0,0,0,0,0,0,0,0,0,0,0,0,0,0,c(-8097757.46733498, 5864978.20325907)
"Hospitals",5610,8,2021,0,0,0,0,0,0,0,0,0,0,0,0,0,0,0,0,0,0,0,0,0,0,0,0,0,c(-8457988.6753759, 5843205.96723365)
"Hospitals",5621,9,2018,0,0,0,0,0,0,0,0,0,0,0,0,0,0,0,1,1,0,0,0,0,0,0,0,0,c(-8188308.97128688, 5712343.73697459)
"Hospitals",5633,5,2021,0,0,0,0,0,0,0,0,0,0,0,0,0,0,0,0,0,0,0,0,0,0,0,0,0,c(-8094776.7766495, 5686360.45576537)
"Hospitals",5643,11,2020,0,0,0,0,0,0,0,0,0,0,0,0,0,0,0,0,0,1,1,0,0,0,0,0,0,c(-8209393.77339905, 5708887.23755787)
"Hospitals",5652,5,2018,0,0,0,0,0,0,0,0,0,0,0,1,1,0,0,0,0,0,0,0,0,0,0,0,0,c(-8191145.50323178, 5698829.35564644)
"Hospitals",5662,1,2018,0,0,0,0,0,0,0,1,1,0,0,0,0,0,0,0,0,0,0,0,0,0,0,0,0,c(-8188441.44148092, 5715453.32841622)
"Hospitals",5663,8,2020,0,0,0,0,0,0,0,0,0,0,0,0,0,0,1,1,0,0,0,0,0,0,0,0,0,c(-8191043.53457822, 5702005.2512869)
"Hospitals",5674,6,2018,0,0,0,0,0,0,0,0,0,0,0,0,1,1,0,0,0,0,0,0,0,0,0,0,0,c(-8191050.21374767, 5701885.16390376)
"Hospitals",5685,10,2019,0,0,0,0,1,1,0,0,0,0,0,0,0,0,0,0,0,0,0,0,0,0,0,0,0,c(-8195889.49465143, 5733790.285056)
"Hospitals",5696,6,2021,0,0,0,0,0,0,0,0,0,0,0,0,0,0,0,0,0,0,0,0,0,0,0,0,0,c(-7698775.72190994, 6128963.68448574)
"Hospitals",5707,3,2021,0,0,0,0,0,0,0,0,0,0,0,0,0,0,0,0,0,0,0,0,0,0,0,0,0,c(-7923618.94073368, 5912960.6516311)
"Hospitals",5719,2,2021,0,0,0,0,0,0,0,0,0,0,0,0,0,0,0,0,0,0,0,0,0,0,0,0,0,c(-7923432.48058661, 5911907.1848004)
"Hospitals",5732,4,2019,0,0,0,0,0,0,0,0,0,0,0,0,0,0,0,0,0,0,0,0,0,0,1,1,0,c(-8202993.01399793, 5707040.52459085)
"Hospitals",5743,7,2021,0,0,0,0,0,0,0,0,0,0,0,0,0,0,0,0,0,0,0,0,0,0,0,0,0,c(-6887200.30636463, 6003594.39267896)
"Hospitals",5755,3,2019,0,0,0,0,0,0,0,0,0,0,0,0,0,0,0,0,0,0,0,0,0,0,0,0,0,c(-7346364.59677775, 6135041.47631625)
"Hospitals",5767,2,2018,0,0,0,0,0,0,0,0,0,1,0,0,0,0,0,0,0,0,0,0,0,0,0,0,0,c(-8237627.51320997, 5641433.58408045)
"Hospitals",5779,9,2019,0,0,0,1,1,0,0,0,0,0,0,0,0,0,0,0,0,0,0,0,0,0,0,0,0,c(-8189861.09894701, 5716148.56167906)
"Hospitals",5780,1,2021,0,0,0,0,0,0,0,0,0,0,0,0,0,0,0,0,0,0,0,1,1,0,0,0,0,c(-8183155.43546061, 5736226.29666594)
"Hospitals",5791,1,2018,0,0,0,0,0,0,0,0,0,0,0,0,0,0,0,0,0,0,0,0,0,0,0,0,0,c(-8095889.52627947, 5684395.99707055)
"Hospitals",5797,10,2019,0,0,0,0,0,0,0,0,0,0,0,0,0,0,0,0,0,0,0,0,0,0,0,0,0,c(-7024521.20046576, 5821428.39981337)
"Hospitals",5803,9,2021,0,0,0,0,0,0,0,0,0,0,0,0,0,0,0,0,0,0,0,0,0,0,0,0,0,c(-8201684.45338366, 5691190.98773591)
"Hospitals",5808,1,2021,0,0,0,0,0,0,0,0,0,0,0,0,0,0,0,0,0,0,0,0,0,0,0,0,0,c(-7099183.19963873, 5847496.79998073)
"Hospitals",5815,1,2019,0,0,0,0,0,0,0,0,0,0,0,0,0,0,0,0,0,0,0,0,0,0,0,0,0,c(-7849366.94794323, 6014153.98023385)
"Hospitals",5819,1,2018,0,0,0,0,0,0,0,0,0,0,0,0,0,0,0,0,0,0,0,0,0,0,0,0,0,c(-7928846.50736092, 5915587.37859194)
"Hospitals",5828,6,2019,1,1,0,0,0,0,0,0,0,0,0,0,0,0,0,0,0,0,0,0,0,0,0,0,0,c(-8198228.98506994, 5696129.69098457)
"Hospitals",5840,11,2021,0,0,0,0,0,0,0,0,0,0,0,0,0,0,0,0,0,0,0,0,0,0,0,0,0,c(-8198721.35117772, 5711994.98946842)
"Hospitals",5852,4,2020,0,0,0,0,0,0,0,0,0,0,1,1,0,0,0,0,0,0,0,0,0,0,0,0,0,c(-8194176.28768812, 5707882.44993178)
"Hospitals",5865,1,2021,0,0,0,0,0,0,0,0,0,0,0,0,0,0,0,0,0,0,0,0,0,0,0,0,0,c(-7468458.14448745, 6945479.26155068)
"Hospitals",5877,8,2018,0,0,0,0,0,0,0,0,0,0,0,0,0,0,1,1,0,0,0,0,0,0,0,0,0,c(-8205450.83703515, 5717007.09833033)
"Hospitals",5899,5,2019,1,0,0,0,0,0,0,0,0,0,0,0,0,0,0,0,0,0,0,0,0,0,0,1,0,c(-8191036.96672826, 5715534.14451344)
"Hospitals",5900,11,2021,0,0,0,0,0,0,0,0,0,0,0,0,0,0,0,0,0,0,0,0,0,0,0,0,0,c(-8332753.13503856, 6408393.03542414)
"Hospitals",5909,9,2020,0,0,0,0,0,0,0,0,0,0,0,0,0,0,0,1,0,0,0,0,0,0,0,0,0,c(-8068136.57534929, 5761141.38435242)
"Hospitals",5921,2,2020,0,0,0,0,0,0,0,0,1,1,0,0,0,0,0,0,0,0,0,0,0,0,0,0,0,c(-8228039.78810693, 5711908.48056712)
"Hospitals",5929,3,2020,0,0,0,0,0,0,0,0,0,1,1,0,0,0,0,0,0,0,0,0,0,0,0,0,0,c(-8237663.58072499, 5742860.74646544)
"Hospitals",5930,10,2020,0,0,0,0,0,0,0,0,0,0,0,0,0,0,0,0,0,0,0,0,0,0,0,0,0,c(-7936764.15512417, 5905991.8979184)
"Hospitals",5931,3,2020,0,0,0,0,0,0,0,0,0,0,0,0,0,0,0,0,0,0,0,0,0,0,0,0,0,c(-7131797.59963607, 5911291.7999199)
"Hospitals",5943,2,2020,0,0,0,0,0,0,0,0,0,0,0,0,0,0,0,0,0,0,0,0,0,0,0,0,0,c(-8782166.72861412, 7129324.75743528)
"Hospitals",5954,12,2020,0,0,0,0,0,0,0,0,0,0,0,0,0,0,0,0,0,0,0,0,0,0,0,0,0,c(-7179582.84136451, 6243148.33715791)
"Hospitals",5965,1,2018,0,0,0,0,0,0,0,0,0,0,0,0,0,0,0,0,0,0,0,0,0,0,0,0,0,c(-8336124.66845622, 5848040.89909106)
"Hospitals",5977,4,2021,0,0,0,0,0,0,0,0,0,0,0,0,0,0,0,0,0,0,0,0,0,0,0,0,0,c(-7847809.14298906, 5844760.33376533)
"Hospitals",5989,3,2020,0,0,0,0,0,0,0,0,0,0,0,0,0,0,0,0,0,0,0,0,0,0,0,0,0,c(-7726362.47284036, 6165626.3773722)
"Hospitals",6001,4,2019,0,0,0,0,0,0,0,0,0,0,0,0,0,0,0,0,0,0,0,0,0,0,0,0,0,c(-7689303.43511885, 6230389.17025041)
"Hospitals",6011,2,2021,0,0,0,0,0,0,0,0,0,0,0,0,0,0,0,0,0,0,0,0,1,1,0,0,0,c(-8191358.23477869, 5691388.99125599)
"Hospitals",6012,8,2018,0,0,0,0,0,0,0,0,0,0,0,0,0,0,0,0,0,0,0,0,0,0,0,0,0,c(-8031129.30119099, 5663351.15640022)
"Hospitals",6017,4,2018,0,0,0,0,0,0,0,0,0,0,1,0,0,0,0,0,0,0,0,0,0,0,0,0,0,c(-8093749.18642999, 5878061.25017307)
"Hospitals",6018,8,2018,0,0,0,0,0,0,0,0,0,0,0,0,0,0,0,0,0,0,0,0,0,0,0,0,0,c(-6929095.89988878, 5836960.50031251)
"Hospitals",6027,1,2019,0,0,0,0,0,0,0,0,0,0,0,0,0,0,0,0,0,0,0,0,0,0,0,0,0,c(-8696886.31387077, 6202974.32667783)
"Hospitals",6039,10,2021,0,0,0,0,0,0,0,0,0,0,0,0,0,0,0,0,0,0,0,0,0,0,0,0,0,c(-7868639.80270376, 5797948.75212762)
"Hospitals",6040,11,2018,0,0,0,0,0,0,0,0,0,0,0,0,0,0,0,0,0,0,0,0,0,0,0,0,0,c(-7930127.43291161, 5914116.13799009)
"Hospitals",6052,11,2018,0,0,0,0,0,0,0,0,0,0,0,0,0,0,0,0,0,0,0,0,0,0,0,0,0,c(-6974808.20015343, 5807527.69969615)
"Hospitals",6053,10,2021,0,0,0,0,0,0,0,0,0,0,0,0,0,0,0,0,0,0,0,0,0,0,0,0,0,c(-8018385.00060702, 5858633.78473249)
"Hospitals",6065,4,2018,0,0,0,0,0,0,0,0,0,0,0,0,0,0,0,0,0,0,0,0,0,0,0,0,0,c(-8006774.71167575, 5743849.53378372)
"Hospitals",6077,7,2020,0,0,0,0,0,0,0,0,0,0,0,0,0,0,0,0,0,0,0,0,0,0,0,0,0,c(-7994112.56487598, 5642796.25660395)
"Hospitals",6089,2,2018,0,0,0,0,0,0,0,0,0,0,0,0,0,0,0,0,0,0,0,0,0,0,0,0,0,c(-8599764.28829429, 6171043.2134096)
"Hospitals",6100,12,2020,0,0,0,0,0,0,0,0,0,0,0,0,0,0,0,0,0,0,0,0,0,0,0,0,0,c(-7932427.31808168, 5911243.38366559)
"Hospitals",6111,6,2018,0,0,0,0,0,0,0,0,0,0,0,0,1,0,0,0,0,0,0,0,0,0,0,0,0,c(-8084745.10941717, 5817520.35740329)
"Hospitals",6128,8,2019,0,0,0,0,0,0,0,0,0,0,0,0,0,0,0,0,0,0,0,0,0,0,0,0,0,c(-7150955.69958632, 5894260.90032317)
"Hospitals",6140,4,2021,0,0,0,0,0,0,0,0,0,0,0,0,0,0,0,0,0,0,0,0,0,0,0,0,0,c(-7023503.80043243, 5821529.80080291)
"Hospitals",6188,6,2021,0,0,0,0,0,0,0,0,0,0,0,0,0,0,0,0,0,0,0,0,0,0,0,0,0,c(-7849369.94243753, 6014162.47282289)
"Hospitals",6189,11,2019,0,0,0,0,0,1,1,0,0,0,0,0,0,0,0,0,0,0,0,0,0,0,0,0,0,c(-8185724.68930811, 5725402.38844245)
"Hospitals",6190,12,2019,0,0,0,0,0,0,1,1,0,0,0,0,0,0,0,0,0,0,0,0,0,0,0,0,0,c(-8071217.78753496, 5839077.9780279)
"Hospitals",6191,8,2018,0,0,0,0,0,0,0,0,0,0,0,0,0,0,1,1,0,0,0,0,0,0,0,0,0,c(-8191048.43263581, 5690962.68622888)
"Hospitals",6193,8,2019,0,0,0,0,0,0,0,0,0,0,0,0,0,0,0,0,0,0,0,0,0,0,0,0,0,c(-7995205.49963659, 5924941.29428749)
"Hospitals",6205,3,2021,0,0,0,0,0,0,0,0,0,0,0,0,0,0,0,0,0,0,0,0,0,0,0,0,0,c(-7893196.54841428, 5714664.45537025)
"Hospitals",6217,3,2021,0,0,0,0,0,0,0,0,0,0,0,0,0,0,0,0,0,0,0,0,0,0,0,0,0,c(-7944867.93909477, 5918145.24480811)
"Hospitals",6229,4,2019,0,0,0,0,0,0,0,0,0,0,0,0,0,0,0,0,0,0,0,0,0,0,0,0,0,c(-7892573.6045438, 5949053.12068332)
"Hospitals",6239,2,2020,0,0,0,0,0,0,0,0,1,1,0,0,0,0,0,0,0,0,0,0,0,0,0,0,0,c(-8177395.319729, 5706667.6677661)
"Hospitals",6251,11,2020,0,0,0,0,0,0,0,0,0,0,0,0,0,0,0,0,0,1,1,0,0,0,0,0,0,c(-8425298.92766802, 5697926.20140592)
"Hospitals",6262,11,2020,0,0,0,0,0,0,0,0,0,0,0,0,0,0,0,0,0,0,0,0,0,0,0,0,0,c(-8005539.28796692, 5786861.31558823)
"Hospitals",6274,3,2018,0,0,0,0,0,0,0,0,0,0,1,0,0,0,0,0,0,0,0,0,0,0,0,0,0,c(-8156402.6901552, 5674023.22004401)
"Hospitals",6286,1,2020,0,0,0,0,0,0,0,1,1,0,0,0,0,0,0,0,0,0,0,0,0,0,0,0,0,c(-8136968.644772, 5787693.50671231)
"Hospitals",6298,7,2020,0,0,0,0,0,0,0,0,0,0,0,0,0,1,1,0,0,0,0,0,0,0,0,0,0,c(-8211309.24787713, 5676103.87954586)
"Hospitals",6310,9,2020,0,0,0,0,0,0,0,0,0,0,0,0,0,0,0,1,1,0,0,0,0,0,0,0,0,c(-8189474.93163345, 5693642.54183224)
"Hospitals",6311,2,2021,0,0,0,0,0,0,0,0,0,0,0,0,0,0,0,0,0,0,0,0,0,0,0,0,0,c(-7931016.67749435, 5911650.0189129)
"Hospitals",6323,8,2020,0,0,0,0,0,0,0,0,0,0,0,0,0,0,1,1,0,0,0,0,0,0,0,0,0,c(-8199081.46973044, 5711473.24536999)
"Hospitals",6335,6,2019,0,0,0,0,0,0,0,0,0,0,0,0,0,0,0,0,0,0,0,0,0,0,0,0,0,c(-7923015.25513511, 5911605.45076747)
"Hospitals",6346,4,2020,0,0,0,0,0,0,0,0,0,0,1,1,0,0,0,0,0,0,0,0,0,0,0,0,0,c(-8191553.48916554, 5723606.39486729)
"Hospitals",6359,2,2018,0,0,0,0,0,0,0,0,1,1,0,0,0,0,0,0,0,0,0,0,0,0,0,0,0,c(-8195457.0184297, 5705284.60972245)
"Hospitals",6368,12,2019,0,0,0,0,0,0,1,1,0,0,0,0,0,0,0,0,0,0,0,0,0,0,0,0,0,c(-8179264.04002095, 5735400.82562267)
"Hospitals",6382,7,2021,0,0,0,0,0,0,0,0,0,0,0,0,0,0,0,0,0,0,0,0,0,0,0,0,0,c(-8118417.80822876, 5821241.89381174)
"Hospitals",6394,2,2019,0,0,0,0,0,0,0,0,0,0,0,0,0,0,0,0,0,0,0,0,0,0,0,0,0,c(-8804716.27258615, 5897421.38221791)
"Hospitals",6404,9,2021,0,0,0,0,0,0,0,0,0,0,0,0,0,0,0,0,0,0,0,0,0,0,0,0,0,c(-8602302.1500454, 8408125.02193015)
"Hospitals",6416,11,2019,0,0,0,0,0,1,1,0,0,0,0,0,0,0,0,0,0,0,0,0,0,0,0,0,0,c(-8206500.91379181, 5717866.83146545)
"Hospitals",6428,4,2020,0,0,0,0,0,0,0,0,0,0,1,1,0,0,0,0,0,0,0,0,0,0,0,0,0,c(-8186590.5323075, 5714071.77265714)
"Hospitals",6429,10,2020,0,0,0,0,0,0,0,0,0,0,0,0,0,0,0,0,1,1,0,0,0,0,0,0,0,c(-8190465.45246253, 5702718.81963928)
"Hospitals",6441,1,2018,0,0,0,0,0,0,0,1,1,0,0,0,0,0,0,0,0,0,0,0,0,0,0,0,0,c(-8196395.99833454, 5701704.71817018)
"Hospitals",6463,8,2020,0,0,0,0,0,0,0,0,0,0,0,0,0,0,0,0,0,0,0,0,0,0,0,0,0,c(-8404048.81611202, 5869968.54987988)
"Hospitals",6475,9,2021,0,0,0,0,0,0,0,0,0,0,0,0,0,0,0,0,0,0,0,0,0,0,0,0,0,c(-7935893.47306651, 5903952.20606301)
"Hospitals",6498,5,2021,0,0,0,0,0,0,0,0,0,0,0,0,0,0,0,0,0,0,0,0,0,0,0,0,0,c(-8176829.3714378, 5786812.56370434)
"Hospitals",6510,11,2019,0,0,0,0,0,1,1,0,0,0,0,0,0,0,0,0,0,0,0,0,0,0,0,0,0,c(-8175990.57907468, 5738731.40066863)
"Hospitals",6522,4,2018,0,0,0,0,0,0,0,0,0,0,1,1,0,0,0,0,0,0,0,0,0,0,0,0,0,c(-8196524.6836659, 5699909.5132252)
"Hospitals",6534,8,2020,0,0,0,0,0,0,0,0,0,0,0,0,0,0,1,1,0,0,0,0,0,0,0,0,0,c(-8196022.63276242, 5700765.06139417)
"Hospitals",6547,6,2018,0,0,0,0,0,0,0,0,0,0,0,0,1,1,0,0,0,0,0,0,0,0,0,0,0,c(-8185020.14825088, 5714286.66729126)
"Hospitals",6548,2,2019,0,0,0,0,0,0,0,0,0,0,0,0,0,0,0,0,0,0,0,0,0,0,0,0,0,c(-7389703.05565543, 6482913.83239044)
"Hospitals",6560,6,2018,0,0,0,0,0,0,0,0,0,0,0,0,0,0,0,0,0,0,0,0,0,0,0,0,0,c(-8015558.2647773, 5711841.05509274)
"Hospitals",6570,3,2019,0,0,0,0,0,0,0,0,0,0,0,0,0,0,0,0,0,0,0,0,0,0,0,0,0,c(-7649838.33792333, 6087380.69126379)
"Hospitals",6571,3,2019,0,0,0,0,0,0,0,0,0,0,0,0,0,0,0,0,0,0,0,0,0,0,0,0,0,c(-7505084.92862622, 6185149.62305545)
"Hospitals",6572,11,2021,0,0,0,0,0,0,0,0,0,0,0,0,0,0,0,0,0,0,0,0,0,0,0,0,0,c(-8063570.13851746, 5754903.46974072)
"Hospitals",6573,11,2020,0,0,0,0,0,0,0,0,0,0,0,0,0,0,0,0,0,1,1,0,0,0,0,0,0,c(-8196154.32372003, 5700290.34672366)
"Hospitals",6574,10,2018,0,0,0,0,0,0,0,0,0,0,0,0,0,0,0,0,1,1,0,0,0,0,0,0,0,c(-8191002.45768611, 5699718.30852645)
"Hospitals",6575,8,2020,0,0,0,0,0,0,0,0,0,0,0,0,0,0,1,1,0,0,0,0,0,0,0,0,0,c(-8191992.64455672, 5714133.01153374)
"Hospitals",6576,4,2018,0,0,0,0,0,0,0,0,0,0,1,1,0,0,0,0,0,0,0,0,0,0,0,0,0,c(-8186531.86693586, 5708741.78195085)
"Hospitals",6577,4,2020,0,0,0,0,0,0,0,0,0,0,1,1,0,0,0,0,0,0,0,0,0,0,0,0,0,c(-8187270.69439625, 5712505.63168998)
"Hospitals",6578,12,2018,0,0,0,0,0,0,0,0,0,0,0,0,0,0,0,0,0,0,1,1,0,0,0,0,0,c(-8181268.01349421, 5727055.0602515)
"Hospitals",6580,7,2018,0,0,0,0,0,0,0,0,0,0,0,0,0,0,0,0,0,0,0,0,0,0,0,0,0,c(-7809256.08638161, 6049846.51147801)
"Hospitals",6581,11,2021,0,0,0,0,0,0,0,0,0,0,0,0,0,0,0,0,0,0,0,0,0,0,0,0,0,c(-7597836.32835517, 6307192.10519108)
"Hospitals",6582,6,2018,0,0,0,0,0,0,0,0,0,0,0,0,1,0,0,0,0,0,0,0,0,0,0,0,0,c(-8171215.08423914, 5699446.11885602)
"Hospitals",6583,4,2020,0,0,0,0,0,0,0,0,0,0,1,1,0,0,0,0,0,0,0,0,0,0,0,0,0,c(-8184946.78870645, 5718335.31983778)
"Hospitals",6584,1,2019,0,0,0,0,0,0,0,0,0,0,0,0,0,0,0,0,0,0,0,1,1,0,0,0,0,c(-8188535.28381166, 5703937.03720658)
"Hospitals",6585,7,2021,0,0,0,0,0,0,0,0,0,0,0,0,0,0,0,0,0,0,0,0,0,0,0,0,0,c(-8097855.53980637, 5864785.9936288)
"Hospitals",6586,12,2021,0,0,0,0,0,0,0,0,0,0,0,0,0,0,0,0,0,0,0,0,0,0,0,0,0,c(-7389831.18438933, 6482693.61800859)
"Hospitals",6587,11,2018,0,0,0,0,0,0,0,0,0,0,0,0,0,0,0,0,0,1,1,0,0,0,0,0,0,c(-8194037.58360259, 5711007.18398834)
"Hospitals",6588,11,2020,0,0,0,0,0,0,0,0,0,0,0,0,0,0,0,0,0,1,1,0,0,0,0,0,0,c(-8188893.06465507, 5707338.21727415)
"Hospitals",6589,1,2018,0,0,0,0,0,0,0,1,0,0,0,0,0,0,0,0,0,0,0,0,0,0,0,0,0,c(-8425624.31453961, 5699519.64418723)
"Hospitals",6592,11,2021,0,0,0,0,0,0,0,0,0,0,0,0,0,0,0,0,0,0,0,0,0,0,0,0,0,c(-8275443.96874684, 5724838.13550422)
"Hospitals",6593,4,2020,0,0,0,0,0,0,0,0,0,0,1,1,0,0,0,0,0,0,0,0,0,0,0,0,0,c(-8243645.22224327, 5683747.93119889)
"Hospitals",6594,8,2019,0,0,1,1,0,0,0,0,0,0,0,0,0,0,0,0,0,0,0,0,0,0,0,0,0,c(-8188958.18655719, 5702247.81365856)
"Hospitals",6595,7,2019,0,0,0,0,0,0,0,0,0,0,0,0,0,0,0,0,0,0,0,0,0,0,0,0,0,c(-8003481.10190165, 5683124.64005361)
"Hospitals",6596,6,2020,0,0,0,0,0,0,0,0,0,0,0,0,1,1,0,0,0,0,0,0,0,0,0,0,0,c(-8208809.2347529, 5707651.17879153)
"Hospitals",6597,2,2020,0,0,0,0,0,0,0,0,1,1,0,0,0,0,0,0,0,0,0,0,0,0,0,0,0,c(-8431409.58847614, 5688654.77229718)
"Hospitals",6598,10,2021,0,0,0,0,0,0,0,0,0,0,0,0,0,0,0,0,0,0,0,0,0,0,0,0,0,c(-8188669.42379807, 5705509.62216826)
"Hospitals",6599,12,2021,0,0,0,0,0,0,0,0,0,0,0,0,0,0,0,0,0,0,0,0,0,0,0,0,0,c(-7927986.78359394, 5916596.54228728)
"Hospitals",6600,7,2019,0,0,0,0,0,0,0,0,0,0,0,0,0,0,0,0,0,0,0,0,0,0,0,0,0,c(-7999242.5009702, 5679933.25087914)
"Hospitals",6601,10,2018,0,0,0,0,0,0,0,0,0,0,0,0,0,0,0,0,1,1,0,0,0,0,0,0,0,c(-8188013.7519973, 5711540.6680678)
"Hospitals",6603,8,2018,0,0,0,0,0,0,0,0,0,0,0,0,0,0,1,1,0,0,0,0,0,0,0,0,0,c(-8203060.02833139, 5707067.38486906)
"Hospitals",6604,12,2019,0,0,0,0,0,0,1,1,0,0,0,0,0,0,0,0,0,0,0,0,0,0,0,0,0,c(-8199133.78989111, 5708291.44097229)
"Hospitals",6605,9,2021,0,0,0,0,0,0,0,0,0,0,0,0,0,0,0,0,0,0,0,0,0,0,0,0,0,c(-7928230.2393203, 5917245.12472081)
"Hospitals",6606,7,2018,0,0,0,0,0,0,0,0,0,0,0,0,0,1,1,0,0,0,0,0,0,0,0,0,0,c(-8185216.07055468, 5714668.43217188)
"Hospitals",6607,6,2018,0,0,0,0,0,0,0,0,0,0,0,0,0,0,0,0,0,0,0,0,0,0,0,0,0,c(-7929858.50951214, 6175940.71259222)
"Hospitals",6608,8,2018,0,0,0,0,0,0,0,0,0,0,0,0,0,0,0,0,0,0,0,0,0,0,0,0,0,c(-8796536.29376368, 6147517.91975386)
"Hospitals",6609,3,2018,0,0,0,0,0,0,0,0,0,1,0,0,0,0,0,0,0,0,0,0,0,0,0,0,0,c(-8432550.2792983, 5692806.08178941)
"Hospitals",6610,2,2021,0,0,0,0,0,0,0,0,0,0,0,0,0,0,0,0,0,0,0,0,0,1,0,0,0,c(-8177197.17103539, 5786645.62260753)
"Hospitals",6611,11,2019,0,0,0,0,0,0,0,0,0,0,0,0,0,0,0,0,0,0,0,0,0,0,0,0,0,c(-7932555.22417661, 5897360.16000335)
"Hospitals",6612,3,2018,0,0,0,0,0,0,0,0,0,0,1,0,0,0,0,0,0,0,0,0,0,0,0,0,0,c(-8120760.41559301, 5720572.11791721)
"Hospitals",6614,9,2021,0,0,0,0,0,0,0,0,0,0,0,0,0,0,0,0,0,0,0,0,0,0,0,0,0,c(-8196321.19163673, 5700235.0788046)
"Hospitals",6615,3,2021,0,0,0,0,0,0,0,0,0,0,0,0,0,0,0,0,0,0,0,0,0,1,1,0,0,c(-8195842.40650682, 5699835.66707213)
"Hospitals",6616,8,2019,0,0,1,1,0,0,0,0,0,0,0,0,0,0,0,0,0,0,0,0,0,0,0,0,0,c(-8199498.13858447, 5696429.24308352)
"Hospitals",6617,7,2019,0,1,1,0,0,0,0,0,0,0,0,0,0,0,0,0,0,0,0,0,0,0,0,0,0,c(-8195765.81869716, 5699158.37542331)
"Hospitals",6618,11,2019,0,0,0,0,0,0,0,0,0,0,0,0,0,0,0,0,0,0,0,0,0,0,0,0,0,c(-7935114.01399198, 5904267.00300829)
"Hospitals",6619,11,2018,0,0,0,0,0,0,0,0,0,0,0,0,0,0,0,0,0,0,0,0,0,0,0,0,0,c(-8003325.92253148, 5683235.12364853)
"Hospitals",6620,10,2020,0,0,0,0,0,0,0,0,0,0,0,0,0,0,0,0,1,1,0,0,0,0,0,0,0,c(-8180471.18857911, 5700148.52484758)
"Hospitals",6621,4,2018,0,0,0,0,0,0,0,0,0,0,1,1,0,0,0,0,0,0,0,0,0,0,0,0,0,c(-8182385.43854279, 5700314.48684146)
"Hospitals",6622,7,2019,0,0,0,0,0,0,0,0,0,0,0,0,0,0,0,0,0,0,0,0,0,0,0,0,0,c(-8041649.54966841, 6255512.13678826)
"Hospitals",6623,6,2020,0,0,0,0,0,0,0,0,0,0,0,0,0,1,0,0,0,0,0,0,0,0,0,0,0,c(-8514160.93570815, 5717428.60067546)
"Hospitals",6625,9,2018,0,0,0,0,0,0,0,0,0,0,0,0,0,0,0,1,0,0,0,0,0,0,0,0,0,c(-8098175.13806444, 5869420.41996545)
"Hospitals",6626,1,2021,0,0,0,0,0,0,0,0,0,0,0,0,0,0,0,0,0,0,0,1,1,0,0,0,0,c(-8189991.34275124, 5702084.67504549)
"Hospitals",6627,12,2019,0,0,0,0,0,0,0,0,0,0,0,0,0,0,0,0,0,0,0,0,0,0,0,0,0,c(-7179258.79032681, 6247302.60826567)
"Hospitals",6628,11,2018,0,0,0,0,0,0,0,0,0,0,0,0,0,0,0,0,0,0,0,0,0,0,0,0,0,c(-7890677.49965712, 6164260.93963914)
"Hospitals",6629,12,2019,0,0,0,0,0,0,0,0,0,0,0,0,0,0,0,0,0,0,0,0,0,0,0,0,0,c(-7400792.81464774, 6295048.46435788)
"Hospitals",6630,11,2021,0,0,0,0,0,0,0,0,0,0,0,0,0,0,0,0,0,0,0,0,0,0,0,0,0,c(-8188528.27068374, 5707359.67441773)
"Hospitals",6631,4,2019,0,0,0,0,0,0,0,0,0,0,0,0,0,0,0,0,0,0,0,0,0,0,1,1,0,c(-8195716.17020426, 5688019.08609166)
"Hospitals",6632,1,2021,0,0,0,0,0,0,0,0,0,0,0,0,0,0,0,0,0,0,0,0,0,0,0,0,0,c(-7928785.83489885, 5915541.82375984)
"Hospitals",6633,6,2019,0,1,0,0,0,0,0,0,0,0,0,0,0,0,0,0,0,0,0,0,0,0,0,0,0,c(-8269807.75160849, 5789194.66346965)
"Hospitals",6634,11,2019,0,0,0,0,0,0,0,0,0,0,0,0,0,0,0,0,0,0,0,0,0,0,0,0,0,c(-8005550.97651346, 5685387.21002839)
"Hospitals",6636,10,2020,0,0,0,0,0,0,0,0,0,0,0,0,0,0,0,0,0,0,0,0,0,0,0,0,0,c(-7199218.48634554, 6166089.05437147)
"Hospitals",6637,9,2019,0,0,0,0,0,0,0,0,0,0,0,0,0,0,0,0,0,0,0,0,0,0,0,0,0,c(-7628779.91853047, 6181551.72997742)
"Hospitals",6638,9,2021,0,0,0,0,0,0,0,0,0,0,0,0,0,0,0,0,0,0,0,0,0,0,0,0,0,c(-8095482.43090164, 5686394.07252884)
"Hospitals",6639,8,2019,0,0,0,0,0,0,0,0,0,0,0,0,0,0,0,0,0,0,0,0,0,0,0,0,0,c(-8039380.85844604, 6191742.70828854)
"Hospitals",6640,7,2021,0,0,0,0,0,0,0,0,0,0,0,0,0,0,0,0,0,0,0,0,0,0,0,0,0,c(-8219126.32515962, 5692415.09408)
"Hospitals",6641,8,2020,0,0,0,0,0,0,0,0,0,0,0,0,0,0,1,1,0,0,0,0,0,0,0,0,0,c(-8202872.34366991, 5708145.99506435)
"Hospitals",6642,3,2021,0,0,0,0,0,0,0,0,0,0,0,0,0,0,0,0,0,0,0,0,0,1,1,0,0,c(-8452765.23090941, 5724210.85809337)
"Hospitals",6643,4,2020,0,0,0,0,0,0,0,0,0,0,1,1,0,0,0,0,0,0,0,0,0,0,0,0,0,c(-8394767.66488663, 5714660.95578627)
"Hospitals",6644,12,2018,0,0,0,0,0,0,0,0,0,0,0,0,0,0,0,0,0,0,1,0,0,0,0,0,0,c(-8431330.44031818, 5688725.67123572)
"Hospitals",6645,7,2020,0,0,0,0,0,0,0,0,0,0,0,0,0,0,0,0,0,0,0,0,0,0,0,0,0,c(-8796390.24259176, 6147512.23645305)
"Hospitals",6647,2,2019,0,0,0,0,0,0,0,0,0,0,0,0,0,0,0,0,0,0,0,0,1,1,0,0,0,c(-8252192.66670485, 5661111.53146304)
"Hospitals",6648,11,2018,0,0,0,0,0,0,0,0,0,0,0,0,0,0,0,0,0,0,0,0,0,0,0,0,0,c(-8094531.65113077, 5654181.75248753)
"Hospitals",6649,10,2019,0,0,0,0,0,1,0,0,0,0,0,0,0,0,0,0,0,0,0,0,0,0,0,0,0,c(-8121811.71686406, 5722022.8190054)
"Hospitals",6650,3,2020,0,0,0,0,0,0,0,0,0,0,0,0,0,0,0,0,0,0,0,0,0,0,0,0,0,c(-7931857.25096933, 5908944.94866003)
"Hospitals",6651,6,2018,0,0,0,0,0,0,0,0,0,0,0,0,1,1,0,0,0,0,0,0,0,0,0,0,0,c(-8177465.56232769, 5706205.19434283)
"Hospitals",6652,8,2019,0,0,1,1,0,0,0,0,0,0,0,0,0,0,0,0,0,0,0,0,0,0,0,0,0,c(-8188897.29479572, 5712894.00013265)
"Hospitals",6653,11,2019,0,0,0,0,0,1,1,0,0,0,0,0,0,0,0,0,0,0,0,0,0,0,0,0,0,c(-8231936.41556265, 5686685.21166447)
"Hospitals",6654,8,2020,0,0,0,0,0,0,0,0,0,0,0,0,0,0,1,1,0,0,0,0,0,0,0,0,0,c(-8202339.45726748, 5687168.87875378)
"Hospitals",6655,12,2021,0,0,0,0,0,0,0,0,0,0,0,0,0,0,0,0,0,0,0,0,0,0,0,0,0,c(-7741148.81816345, 6076709.16181784)
"Hospitals",6656,2,2018,0,0,0,0,0,0,0,0,1,1,0,0,0,0,0,0,0,0,0,0,0,0,0,0,0,c(-8197073.600075, 5694856.66676109)
"Hospitals",6658,3,2020,0,0,0,0,0,0,0,0,0,1,1,0,0,0,0,0,0,0,0,0,0,0,0,0,0,c(-8195891.16444379, 5701083.82841176)
"Hospitals",6659,4,2020,0,0,0,0,0,0,0,0,0,0,0,0,0,0,0,0,0,0,0,0,0,0,0,0,0,c(-8660303.83488934, 6122854.20067237)
"Hospitals",6660,12,2020,0,0,0,0,0,0,0,0,0,0,0,0,0,0,0,0,0,0,1,1,0,0,0,0,0,c(-8196317.852052, 5701865.14949671)
"Hospitals",6661,12,2019,0,0,0,0,0,0,0,1,0,0,0,0,0,0,0,0,0,0,0,0,0,0,0,0,0,c(-8155678.55686759, 5670671.55133145)
"Hospitals",6662,11,2019,0,0,0,0,0,1,1,0,0,0,0,0,0,0,0,0,0,0,0,0,0,0,0,0,0,c(-8184185.58602841, 5704772.63217245)
"Hospitals",6663,4,2021,0,0,0,0,0,0,0,0,0,0,0,0,0,0,0,0,0,0,0,0,0,0,1,1,0,c(-8180827.07699117, 5735769.94219994)
"Hospitals",6664,2,2019,0,0,0,0,0,0,0,0,0,0,0,0,0,0,0,0,0,0,0,0,0,0,0,0,0,c(-7858788.584366, 5938224.10737749)
"Hospitals",6665,11,2021,0,0,0,0,0,0,0,0,0,0,0,0,0,0,0,0,0,0,0,0,0,0,0,0,0,c(-7934657.9380382, 5797932.21349539)
"Hospitals",6666,6,2019,0,0,0,0,0,0,0,0,0,0,0,0,0,0,0,0,0,0,0,0,0,0,0,0,0,c(-8006017.18142771, 5682463.54705264)
"Hospitals",6669,12,2018,0,0,0,0,0,0,0,0,0,0,0,0,0,0,0,0,0,0,1,1,0,0,0,0,0,c(-8205787.80113378, 5705327.19638916)
"Hospitals",6670,6,2021,0,0,0,0,0,0,0,0,0,0,0,0,0,0,0,0,0,0,0,0,0,0,0,0,0,c(-7930303.11955836, 5911459.22330105)
"Hospitals",6693,4,2020,0,0,0,0,0,0,0,0,0,0,0,0,0,0,0,0,0,0,0,0,0,0,0,0,0,c(-7936492.26060749, 5906009.56091624)
"Hospitals",6706,10,2021,0,0,0,0,0,0,0,0,0,0,0,0,0,0,0,0,0,0,0,0,0,0,0,0,0,c(-8211386.39228425, 5675868.67652147)
"Hospitals",6718,3,2021,0,0,0,0,0,0,0,0,0,0,0,0,0,0,0,0,0,0,0,0,0,1,0,0,0,c(-8068657.21660773, 5760529.13197541)
"Hospitals",6729,5,2020,0,0,0,0,0,0,0,0,0,0,0,1,1,0,0,0,0,0,0,0,0,0,0,0,0,c(-8193213.15145378, 5696355.42565728)
"Hospitals",6741,4,2020,0,0,0,0,0,0,0,0,0,0,1,1,0,0,0,0,0,0,0,0,0,0,0,0,0,c(-8193621.13738754, 5696357.80685508)
"Hospitals",6750,3,2018,0,0,0,0,0,0,0,0,0,1,1,0,0,0,0,0,0,0,0,0,0,0,0,0,0,c(-8192710.20999437, 5704955.36443147)
"Hospitals",6762,11,2018,0,0,0,0,0,0,0,0,0,0,0,0,0,0,0,0,0,0,0,0,0,0,0,0,0,c(-8098879.01120472, 5651684.72560907)
"Hospitals",6773,7,2019,0,1,1,0,0,0,0,0,0,0,0,0,0,0,0,0,0,0,0,0,0,0,0,0,0,c(-8193337.16136652, 5696100.95863949)
"Hospitals",6784,9,2020,0,0,0,0,0,0,0,0,0,0,0,0,0,0,0,1,1,0,0,0,0,0,0,0,0,c(-8201989.91406639, 5706555.14625588)
"Hospitals",6785,10,2019,0,0,0,0,1,1,0,0,0,0,0,0,0,0,0,0,0,0,0,0,0,0,0,0,0,c(-8188946.05273269, 5705505.17271471)
"Hospitals",6797,9,2019,0,0,0,1,1,0,0,0,0,0,0,0,0,0,0,0,0,0,0,0,0,0,0,0,0,c(-8220007.19629026, 5722530.69176363)
"Hospitals",6809,2,2020,0,0,0,0,0,0,0,0,0,0,0,0,0,0,0,0,0,0,0,0,0,0,0,0,0,c(-7712362.82235871, 6022384.83657025)
"Hospitals",6822,9,2018,0,0,0,0,0,0,0,0,0,0,0,0,0,0,0,1,1,0,0,0,0,0,0,0,0,c(-8225162.51322839, 5711516.81564011)
"Hospitals",6834,2,2018,0,0,0,0,0,0,0,0,1,1,0,0,0,0,0,0,0,0,0,0,0,0,0,0,0,c(-8228824.92447549, 5711785.87471768)
"Hospitals",6847,10,2019,0,0,0,0,1,1,0,0,0,0,0,0,0,0,0,0,0,0,0,0,0,0,0,0,0,c(-8228316.30572206, 5711980.51825194)
"Hospitals",6859,11,2019,0,0,0,0,0,1,1,0,0,0,0,0,0,0,0,0,0,0,0,0,0,0,0,0,0,c(-8189966.29586581, 5713319.44358911)
"Hospitals",6871,1,2020,0,0,0,0,0,0,0,0,0,0,0,0,0,0,0,0,0,0,0,0,0,0,0,0,0,c(-7933014.97367358, 5898990.08351176)
"Hospitals",6883,1,2021,0,0,0,0,0,0,0,0,0,0,0,0,0,0,0,0,0,0,0,1,1,0,0,0,0,c(-8205478.88954683, 5704616.12099029)
"Hospitals",6895,8,2021,0,0,0,0,0,0,0,0,0,0,0,0,0,0,0,0,0,0,0,0,0,0,0,0,0,c(-8121882.73869919, 5722334.86279264)
"Hospitals",6906,8,2018,0,0,0,0,0,0,0,0,0,0,0,0,0,0,1,1,0,0,0,0,0,0,0,0,0,c(-8276834.01522838, 5726335.72173233)
"Hospitals",6907,3,2021,0,0,0,0,0,0,0,0,0,0,0,0,0,0,0,0,0,0,0,0,0,1,1,0,0,c(-8201989.91406639, 5706555.14625588)
"Hospitals",6910,12,2020,0,0,0,0,0,0,0,0,0,0,0,0,0,0,0,0,0,0,1,1,0,0,0,0,0,c(-8189105.68488249, 5694882.69686395)
"Hospitals",6911,6,2019,0,0,0,0,0,0,0,0,0,0,0,0,0,0,0,0,0,0,0,0,0,0,0,0,0,c(-8660169.47226395, 6122728.36195505)
"Hospitals",6913,10,2020,0,0,0,0,0,0,0,0,0,0,0,0,0,0,0,0,1,1,0,0,0,0,0,0,0,c(-8182302.83948062, 5699565.69707837)
"Hospitals",6914,6,2021,0,0,0,0,0,0,0,0,0,0,0,0,0,0,0,0,0,0,0,0,0,0,0,0,0,c(-7267688.4334647, 6110507.80924359)
"Hospitals",6915,3,2019,0,0,0,0,0,0,0,0,0,0,0,0,0,0,0,0,0,0,0,0,0,0,1,0,0,c(-8157955.2630933, 5675213.78343459)
"Hospitals",6916,1,2019,0,0,0,0,0,0,0,0,0,0,0,0,0,0,0,0,0,0,0,1,1,0,0,0,0,c(-8195761.25459804, 5699787.8659089)
"Hospitals",6917,12,2020,0,0,0,0,0,0,0,0,0,0,0,0,0,0,0,0,0,0,1,1,0,0,0,0,0,c(-8188253.31154148, 5702450.19227739)
"Hospitals",6918,7,2018,0,0,0,0,0,0,0,0,0,0,0,0,0,1,1,0,0,0,0,0,0,0,0,0,0,c(-8189058.04014043, 5704611.03640901)
"Hospitals",6919,3,2020,0,0,0,0,0,0,0,0,0,0,0,0,0,0,0,0,0,0,0,0,0,0,0,0,0,c(-7593790.19882331, 6202616.3056683)
"Hospitals",6920,7,2021,0,0,0,0,0,0,0,0,0,0,0,0,0,0,0,0,0,0,0,0,0,0,0,0,0,c(-8188507.56525845, 5702349.00239535)
"Hospitals",6921,6,2020,0,0,0,0,0,0,0,0,0,0,0,0,1,1,0,0,0,0,0,0,0,0,0,0,0,c(-8188210.45353753, 5702304.36483654)
"Hospitals",6922,11,2018,0,0,0,0,0,0,0,0,0,0,0,0,0,0,0,0,0,1,1,0,0,0,0,0,0,c(-8184269.85488294, 5704196.01721523)
"Hospitals",6925,3,2018,0,0,0,0,0,0,0,0,0,1,1,0,0,0,0,0,0,0,0,0,0,0,0,0,0,c(-8229976.85856622, 5710235.39784025)
"Hospitals",6926,3,2018,0,0,0,0,0,0,0,0,0,1,1,0,0,0,0,0,0,0,0,0,0,0,0,0,0,c(-8178177.67311029, 5697705.98405845)
"Hospitals",6927,2,2020,0,0,0,0,0,0,0,0,1,1,0,0,0,0,0,0,0,0,0,0,0,0,0,0,0,c(-8222958.60994967, 5723100.21231408)
"Hospitals",6928,1,2020,0,0,0,0,0,0,0,1,1,0,0,0,0,0,0,0,0,0,0,0,0,0,0,0,0,c(-8180569.2610505, 5702246.70170078)
"Hospitals",6929,7,2020,0,0,0,0,0,0,0,0,0,0,0,0,0,1,1,0,0,0,0,0,0,0,0,0,0,c(-8183238.14584226, 5705979.68763206)
"Hospitals",6930,4,2021,0,0,0,0,0,0,0,0,0,0,0,0,0,0,0,0,0,0,0,0,0,0,1,1,0,c(-8180607.8889138, 5700573.04429526)
"Hospitals",6931,1,2019,0,0,0,0,0,0,0,0,0,0,0,0,0,0,0,0,0,0,0,0,0,0,0,0,0,c(-7795277.25264474, 6002978.79458629)
"Hospitals",6932,2,2020,0,0,0,0,0,0,0,0,1,1,0,0,0,0,0,0,0,0,0,0,0,0,0,0,0,c(-8198515.52143924, 5712327.35682797)
"Hospitals",6933,7,2020,0,0,0,0,0,0,0,0,0,0,0,0,0,0,0,0,0,0,0,0,0,0,0,0,0,c(-7247413.14668957, 6313523.44969448)
"Hospitals",6934,10,2020,0,0,0,0,0,0,0,0,0,0,0,0,0,0,0,0,0,0,0,0,0,0,0,0,0,c(-7290708.07964635, 6268301.26262165)
"Hospitals",6936,7,2021,0,0,0,0,0,0,0,0,0,0,0,0,0,0,0,0,0,0,0,0,0,0,0,0,0,c(-7596210.17323367, 6310385.38297764)
"Hospitals",6937,7,2018,0,0,0,0,0,0,0,0,0,0,0,0,0,1,1,0,0,0,0,0,0,0,0,0,0,c(-8181143.78094248, 5698973.69729192)
"Hospitals",6938,3,2020,0,0,0,0,0,0,0,0,0,1,1,0,0,0,0,0,0,0,0,0,0,0,0,0,0,c(-8175231.60278645, 5692084.41813139)
"Hospitals",6939,7,2019,0,1,1,0,0,0,0,0,0,0,0,0,0,0,0,0,0,0,0,0,0,0,0,0,0,c(-8183585.68529252, 5704462.63146721)
"Hospitals",6940,1,2020,0,0,0,0,0,0,0,0,0,0,0,0,0,0,0,0,0,0,0,0,0,0,0,0,0,c(-7658699.48070996, 6042607.42842356)
"Hospitals",6941,3,2020,0,0,0,0,0,0,0,0,0,0,0,0,0,0,0,0,0,0,0,0,0,0,0,0,0,c(-7627801.97680385, 6182859.00921782)
"Hospitals",6942,7,2018,0,0,0,0,0,0,0,0,0,0,0,0,0,1,1,0,0,0,0,0,0,0,0,0,0,c(-8188566.78722756, 5703107.55726277)
"Hospitals",6943,1,2021,0,0,0,0,0,0,0,0,0,0,0,0,0,0,0,0,0,0,0,1,1,0,0,0,0,c(-8225274.61195562, 5729206.41348163)
"Hospitals",6944,6,2021,0,0,0,0,0,0,0,0,0,0,0,0,0,0,0,0,0,0,0,0,0,0,0,0,0,c(-8208436.64841721, 5708325.45817107)
"Hospitals",6945,1,2021,0,0,0,0,0,0,0,0,0,0,0,0,0,0,0,0,0,0,0,1,1,0,0,0,0,c(-8208715.39242216, 5711371.95326413)
"Hospitals",6947,11,2019,0,0,0,0,0,1,1,0,0,0,0,0,0,0,0,0,0,0,0,0,0,0,0,0,0,c(-8207909.88458678, 5706332.49134123)
"Hospitals",6948,11,2021,0,0,0,0,0,0,0,0,0,0,0,0,0,0,0,0,0,0,0,0,0,0,0,0,0,c(-8020535.58184965, 5890141.86096353)
"Hospitals",6949,3,2019,0,0,0,0,0,0,0,0,0,0,0,0,0,0,0,0,0,0,0,0,0,1,1,0,0,c(-8180525.28985163, 5700367.21416749)
"Hospitals",6950,12,2021,0,0,0,0,0,0,0,0,0,0,0,0,0,0,0,0,0,0,0,0,0,0,0,0,0,c(-7999648.03787516, 5685994.64376557)
"Hospitals",6951,3,2021,0,0,0,0,0,0,0,0,0,0,0,0,0,0,0,0,0,0,0,0,0,0,1,0,0,c(-8155751.24849508, 5672639.17895379)
"Hospitals",6952,6,2021,0,0,0,0,0,0,0,0,0,0,0,0,0,0,0,0,0,0,0,0,0,0,0,0,0,c(-8180161.27511674, 5700084.99954061)
"Hospitals",6953,8,2018,0,0,0,0,0,0,0,0,0,0,0,0,0,0,0,0,0,0,0,0,0,0,0,0,0,c(-7929052.55639879, 5910468.55186239)
"Hospitals",6954,5,2019,1,0,0,0,0,0,0,0,0,0,0,0,0,0,0,0,0,0,0,0,0,0,0,1,0,c(-8205376.5869348, 5714397.53649351)
"Hospitals",6955,6,2020,0,0,0,0,0,0,0,0,0,0,0,0,1,1,0,0,0,0,0,0,0,0,0,0,0,c(-8238683.37858014, 5747246.33474291)
"Hospitals",6956,6,2021,0,0,0,0,0,0,0,0,0,0,0,0,0,0,0,0,0,0,0,0,0,0,0,0,0,c(-8190816.77677547, 5691655.38270961)
"Hospitals",6958,12,2020,0,0,0,0,0,0,0,0,0,0,0,0,0,0,0,0,0,0,1,1,0,0,0,0,0,c(-8190645.12212067, 5712305.56968922)
"Hospitals",6959,5,2021,0,0,0,0,0,0,0,0,0,0,0,0,0,0,0,0,0,0,0,0,0,0,0,0,0,c(-8697214.8176881, 6130429.26128743)
"Hospitals",6960,1,2018,0,0,0,0,0,0,0,0,0,0,0,0,0,0,0,0,0,0,0,0,0,0,0,0,0,c(-7927217.56591256, 5911890.10523763)
"Hospitals",6961,5,2020,0,0,0,0,0,0,0,0,0,0,0,0,0,0,0,0,0,0,0,0,0,0,0,0,0,c(-7927865.89062694, 5910355.19536511)
"Hospitals",6962,3,2020,0,0,0,0,0,0,0,0,0,0,0,0,0,0,0,0,0,0,0,0,0,0,0,0,0,c(-7390188.07467681, 6481981.17927567)
"Hospitals",6963,6,2021,0,0,0,0,0,0,0,0,0,0,0,0,0,0,0,0,0,0,0,0,0,0,0,0,0,c(-7599574.13692595, 6306579.44906009)
"Hospitals",6964,6,2021,0,0,0,0,0,0,0,0,0,0,0,0,0,0,0,0,0,0,0,0,0,0,0,0,0,c(-7468826.05540453, 6945101.85078975)
"Hospitals",6965,3,2019,0,0,0,0,0,0,0,0,0,0,0,0,0,0,0,0,0,0,0,0,0,1,1,0,0,c(-8195621.88259556, 5687645.11813544)
"Hospitals",6966,8,2018,0,0,0,0,0,0,0,0,0,0,0,0,0,0,0,0,0,0,0,0,0,0,0,0,0,c(-7792444.95084049, 6016671.50884665)
"Hospitals",6967,7,2019,0,1,1,0,0,0,0,0,0,0,0,0,0,0,0,0,0,0,0,0,0,0,0,0,0,c(-8207479.30079639, 5705193.8753742)
"Hospitals",6969,12,2021,0,0,0,0,0,0,0,0,0,0,0,0,0,0,0,0,0,0,0,0,0,0,0,0,0,c(-8198651.77649597, 5715021.26106281)
"Hospitals",6970,10,2018,0,0,0,0,0,0,0,0,0,0,0,0,0,0,0,0,1,0,0,0,0,0,0,0,0,c(-8432367.49269442, 5694689.53625825)
"Hospitals",6971,7,2019,0,1,1,0,0,0,0,0,0,0,0,0,0,0,0,0,0,0,0,0,0,0,0,0,0,c(-8425986.32552367, 5696371.45906798)
"Hospitals",6972,8,2018,0,0,0,0,0,0,0,0,0,0,0,0,0,0,1,0,0,0,0,0,0,0,0,0,0,c(-8077075.86441846, 5835731.89058293)
"Hospitals",6973,9,2020,0,0,0,0,0,0,0,0,0,0,0,0,0,0,0,1,1,0,0,0,0,0,0,0,0,c(-8180224.87528141, 5700225.80399189)
"Hospitals",6974,3,2019,0,0,0,0,0,0,0,0,0,0,0,0,0,0,0,0,0,0,0,0,0,0,1,0,0,c(-8156127.43935588, 5674934.07076408)
"Hospitals",6975,11,2018,0,0,0,0,0,0,0,0,0,0,0,0,0,0,0,0,0,0,1,0,0,0,0,0,0,c(-8156173.88741341, 5673829.81196692)
"Hospitals",6976,7,2021,0,0,0,0,0,0,0,0,0,0,0,0,0,0,0,0,0,0,0,0,0,0,0,0,0,c(-8425914.03241996, 5696909.41252716)
"Hospitals",6981,9,2019,0,0,0,1,1,0,0,0,0,0,0,0,0,0,0,0,0,0,0,0,0,0,0,0,0,c(-8075837.76904186, 5836141.494679)
"Hospitals",6993,4,2019,0,0,0,0,0,0,0,0,0,0,0,0,0,0,0,0,0,0,0,0,0,0,0,0,0,c(-7446602.00962357, 6450395.65687306)
"Hospitals",7005,5,2018,0,0,0,0,0,0,0,0,0,0,0,1,1,0,0,0,0,0,0,0,0,0,0,0,0,c(-8205808.95183704, 5705758.31836173)
"Hospitals",7017,5,2021,0,0,0,0,0,0,0,0,0,0,0,0,0,0,0,0,0,0,0,0,0,0,0,1,0,c(-8191894.01548788, 5700113.58587291)
"Hospitals",7029,11,2019,0,0,0,0,0,0,0,0,0,0,0,0,0,0,0,0,0,0,0,0,0,0,0,0,0,c(-6367826.0863687, 6694422.39299959)
